# Blender 5.2.1 LTS
# www.blender.org
mtllib Zike1.mtl
o Cube.003
v -0.500268 -1.177161 -0.047087
v -0.329497 0.528707 0.053123
v -0.500268 -1.163911 -0.401847
v -0.329497 0.520609 -0.369547
v -0.284285 -1.160681 -0.045522
v -0.103219 0.416306 0.041985
v -0.284285 -1.156935 -0.400226
v -0.103219 0.407125 -0.370054
v -0.353309 -0.398341 0.062843
v -0.353309 -0.395575 -0.319129
v -0.120865 -0.445349 -0.316002
v -0.120865 -0.436705 0.064538
v -0.378237 0.122559 0.048539
v -0.378237 0.125303 -0.373717
v -0.119361 0.015068 -0.363700
v -0.119361 0.016292 0.049193
v -0.411380 -0.861115 -0.324961
v -0.149932 -0.853559 -0.321428
v -0.149932 -0.865392 0.035460
v -0.411380 -0.893813 0.026449
v -0.484954 -1.023687 -0.372295
v -0.208650 -1.012966 -0.369373
v -0.208650 -1.034822 0.001842
v -0.484954 -1.063712 -0.004021
v -0.361290 -0.657427 0.051278
v -0.361290 -0.645126 -0.307694
v -0.119946 -0.661089 -0.306716
v -0.119946 -0.658301 0.056164
v -0.367467 -0.125768 -0.347866
v -0.127924 -0.209087 -0.339655
v -0.127924 -0.211494 0.060367
v -0.367467 -0.137165 0.057240
v -0.371354 0.375043 0.056032
v -0.371354 0.366060 -0.386265
v -0.098125 0.236511 -0.381388
v -0.098125 0.245994 0.048130
v -0.530529 -1.187264 -0.235327
v -0.356286 0.552175 -0.156583
v -0.261043 -1.173237 -0.233611
v -0.073002 0.410155 -0.164389
v -0.045228 -0.455653 -0.125211
v -0.428945 -0.382332 -0.128664
v -0.034310 -0.020124 -0.155071
v -0.463288 0.159735 -0.164771
v -0.497345 -0.885325 -0.152579
v -0.063968 -0.852629 -0.141486
v -0.121091 -1.021088 -0.187261
v -0.573274 -1.054308 -0.194607
v -0.440005 -0.648973 -0.128990
v -0.041232 -0.661998 -0.124494
v -0.445628 -0.105237 -0.147398
v -0.049763 -0.236520 -0.137559
v -0.012518 0.202152 -0.166922
v -0.456548 0.412554 -0.164650
vn -0.8497 0.4355 -0.2972
vn 0.0479 0.0805 -0.9956
vn 0.9555 0.1679 0.2427
vn 0.0489 0.0224 0.9986
vn 0.0622 -0.9963 0.0588
vn 0.4476 0.8933 0.0409
vn -0.0173 -0.0412 0.9990
vn 0.9231 0.0037 0.3845
vn 0.0025 -0.0445 -0.9990
vn -0.9221 0.0257 -0.3862
vn 0.0072 0.0408 0.9991
vn 0.9249 -0.0255 0.3792
vn -0.0042 -0.1044 -0.9945
vn -0.9295 -0.0813 -0.3596
vn -0.8211 0.4610 -0.3366
vn 0.0019 0.2830 -0.9591
vn 0.8468 -0.3782 0.3740
vn -0.0077 -0.1827 0.9831
vn 0.0191 -0.3598 0.9328
vn 0.7356 -0.6426 0.2141
vn 0.0016 0.2074 -0.9782
vn -0.9449 -0.0107 -0.3272
vn -0.8850 0.2459 -0.3954
vn 0.0102 0.0761 -0.9971
vn 0.8984 -0.1579 0.4097
vn -0.0221 -0.0982 0.9949
vn -0.9298 -0.0836 -0.3586
vn -0.0052 -0.1032 -0.9946
vn 0.9303 0.0378 0.3648
vn -0.0055 0.0199 0.9998
vn 0.0075 -0.0138 0.9999
vn 0.9183 -0.0763 0.3884
vn -0.0014 -0.0652 -0.9979
vn -0.9288 0.0163 -0.3703
vn -0.9296 0.0195 0.3680
vn 0.9146 -0.1145 -0.3877
vn 0.9310 -0.0051 -0.3649
vn -0.9331 -0.0373 0.3577
vn 0.9066 -0.0906 -0.4122
vn -0.8944 0.1605 0.4175
vn -0.9342 -0.2036 0.2928
vn 0.8078 -0.5118 -0.2925
vn 0.8839 -0.1901 -0.4274
vn -0.8602 0.2897 0.4196
vn -0.9328 -0.0327 0.3589
vn 0.9213 -0.0860 -0.3792
vn -0.9227 0.0247 0.3847
vn 0.9240 0.0017 -0.3823
vn 0.4459 0.8917 -0.0773
vn 0.0437 -0.9921 -0.1172
vn 0.9526 0.1741 -0.2496
vn -0.8649 0.4141 0.2837
vt 0.593750 0.125000
vt 0.625000 0.125000
vt 0.625000 0.250000
vt 0.593750 0.250000
vt 0.625000 0.500000
vt 0.593750 0.500000
vt 0.593750 0.625000
vt 0.625000 0.625000
vt 0.625000 0.750000
vt 0.593750 0.750000
vt 0.625000 1.000000
vt 0.593750 1.000000
vt 0.125000 0.625000
vt 0.375000 0.625000
vt 0.375000 0.750000
vt 0.125000 0.750000
vt 0.875000 0.625000
vt 0.875000 0.750000
vt 0.468750 0.750000
vt 0.500000 0.750000
vt 0.500000 1.000000
vt 0.468750 1.000000
vt 0.468750 0.625000
vt 0.500000 0.625000
vt 0.468750 0.250000
vt 0.500000 0.250000
vt 0.500000 0.500000
vt 0.468750 0.500000
vt 0.468750 0.125000
vt 0.500000 0.125000
vt 0.531250 0.750000
vt 0.562500 0.750000
vt 0.562500 1.000000
vt 0.531250 1.000000
vt 0.531250 0.625000
vt 0.562500 0.625000
vt 0.531250 0.250000
vt 0.562500 0.250000
vt 0.562500 0.500000
vt 0.531250 0.500000
vt 0.531250 0.125000
vt 0.562500 0.125000
vt 0.406250 0.125000
vt 0.437500 0.125000
vt 0.437500 0.250000
vt 0.406250 0.250000
vt 0.437500 0.500000
vt 0.406250 0.500000
vt 0.406250 0.625000
vt 0.437500 0.625000
vt 0.437500 0.750000
vt 0.406250 0.750000
vt 0.437500 1.000000
vt 0.406250 1.000000
vt 0.375000 1.000000
vt 0.375000 0.250000
vt 0.375000 0.500000
vt 0.375000 0.125000
vt 0.562500 0.000000
vt 0.593750 0.000000
vt 0.500000 0.000000
vt 0.531250 0.000000
vt 0.437500 0.000000
vt 0.468750 0.000000
vt 0.375000 0.000000
vt 0.406250 0.000000
vt 0.875000 0.500000
vt 0.125000 0.500000
vt 0.625000 0.000000
s 0
g Cube.003_Material.021
usemtl Material.021
f 54/1/1 38/2/1 4/3/1 34/4/1
f 34/4/2 4/3/2 8/5/2 35/6/2
f 53/7/3 40/8/3 6/9/3 36/10/3
f 36/10/4 6/9/4 2/11/4 33/12/4
f 37/13/5 39/14/5 5/15/5 1/16/5
f 40/8/6 38/17/6 2/18/6 6/9/6
f 28/19/7 12/20/7 9/21/7 25/22/7
f 50/23/8 41/24/8 12/20/8 28/19/8
f 26/25/9 10/26/9 11/27/9 27/28/9
f 49/29/10 42/30/10 10/26/10 26/25/10
f 31/31/11 16/32/11 13/33/11 32/34/11
f 52/35/12 43/36/12 16/32/12 31/31/12
f 29/37/13 14/38/13 15/39/13 30/40/13
f 51/41/14 44/42/14 14/38/14 29/37/14
f 48/43/15 45/44/15 17/45/15 21/46/15
f 21/46/16 17/45/16 18/47/16 22/48/16
f 47/49/17 46/50/17 19/51/17 23/52/17
f 23/52/18 19/51/18 20/53/18 24/54/18
f 5/15/19 23/52/19 24/54/19 1/55/19
f 39/14/20 47/49/20 23/52/20 5/15/20
f 3/56/21 21/46/21 22/48/21 7/57/21
f 37/58/22 48/43/22 21/46/22 3/56/22
f 45/44/23 49/29/23 26/25/23 17/45/23
f 17/45/24 26/25/24 27/28/24 18/47/24
f 46/50/25 50/23/25 28/19/25 19/51/25
f 19/51/26 28/19/26 25/22/26 20/53/26
f 42/30/27 51/41/27 29/37/27 10/26/27
f 10/26/28 29/37/28 30/40/28 11/27/28
f 41/24/29 52/35/29 31/31/29 12/20/29
f 12/20/30 31/31/30 32/34/30 9/21/30
f 16/32/31 36/10/31 33/12/31 13/33/31
f 43/36/32 53/7/32 36/10/32 16/32/32
f 14/38/33 34/4/33 35/6/33 15/39/33
f 44/42/34 54/1/34 34/4/34 14/38/34
f 13/59/35 33/60/35 54/1/35 44/42/35
f 15/39/36 35/6/36 53/7/36 43/36/36
f 11/27/37 30/40/37 52/35/37 41/24/37
f 9/61/38 32/62/38 51/41/38 42/30/38
f 18/47/39 27/28/39 50/23/39 46/50/39
f 20/63/40 25/64/40 49/29/40 45/44/40
f 1/65/41 24/66/41 48/43/41 37/58/41
f 7/57/42 22/48/42 47/49/42 39/14/42
f 22/48/43 18/47/43 46/50/43 47/49/43
f 24/66/44 20/63/44 45/44/44 48/43/44
f 32/62/45 13/59/45 44/42/45 51/41/45
f 30/40/46 15/39/46 43/36/46 52/35/46
f 25/64/47 9/61/47 42/30/47 49/29/47
f 27/28/48 11/27/48 41/24/48 50/23/48
f 8/5/49 4/67/49 38/17/49 40/8/49
f 3/68/50 7/57/50 39/14/50 37/13/50
f 35/6/51 8/5/51 40/8/51 53/7/51
f 33/60/52 2/69/52 38/2/52 54/1/52
o Cube.004
v 0.641256 -1.177160 -0.257251
v 0.470484 0.528708 -0.357460
v 0.641256 -1.163910 0.097509
v 0.470484 0.520609 0.065210
v 0.425272 -1.160680 -0.258815
v 0.244206 0.416306 -0.346322
v 0.425272 -1.156934 0.095888
v 0.244206 0.407125 0.065717
v 0.494296 -0.398340 -0.367180
v 0.494296 -0.395574 0.014791
v 0.261852 -0.445348 0.011664
v 0.261852 -0.436705 -0.368875
v 0.519224 0.122559 -0.352877
v 0.519225 0.125303 0.069380
v 0.260348 0.015069 0.059362
v 0.260348 0.016292 -0.353530
v 0.552368 -0.861114 0.020623
v 0.290920 -0.853558 0.017089
v 0.290920 -0.865392 -0.339798
v 0.552368 -0.893813 -0.330787
v 0.625942 -1.023686 0.067957
v 0.349638 -1.012965 0.065035
v 0.349638 -1.034821 -0.306180
v 0.625942 -1.063712 -0.300317
v 0.502278 -0.657426 -0.355616
v 0.502278 -0.645125 0.003357
v 0.260934 -0.661088 0.002378
v 0.260934 -0.658300 -0.360501
v 0.508454 -0.125768 0.043528
v 0.268911 -0.209087 0.035317
v 0.268911 -0.211493 -0.364704
v 0.508454 -0.137165 -0.361577
v 0.512341 0.375044 -0.360369
v 0.512341 0.366060 0.081928
v 0.239112 0.236511 0.077050
v 0.239112 0.245995 -0.352467
v 0.671517 -1.187264 -0.069011
v 0.497273 0.552175 -0.147753
v 0.402030 -1.173236 -0.070727
v 0.213989 0.410155 -0.139948
v 0.186216 -0.455653 -0.179127
v 0.569933 -0.382331 -0.175673
v 0.175297 -0.020124 -0.149267
v 0.604276 0.159735 -0.139566
v 0.638332 -0.885325 -0.151759
v 0.204955 -0.852629 -0.162852
v 0.262079 -1.021088 -0.117077
v 0.714261 -1.054308 -0.109730
v 0.580992 -0.648972 -0.175347
v 0.182219 -0.661998 -0.179844
v 0.586615 -0.105237 -0.156940
v 0.190750 -0.236519 -0.166779
v 0.153505 0.202152 -0.137416
v 0.597535 0.412554 -0.139687
vn 0.8497 0.4355 0.2972
vn -0.0479 0.0805 0.9956
vn -0.9555 0.1679 -0.2427
vn -0.0489 0.0224 -0.9986
vn -0.0622 -0.9963 -0.0588
vn -0.4476 0.8933 -0.0409
vn 0.0173 -0.0412 -0.9990
vn -0.9231 0.0037 -0.3845
vn -0.0025 -0.0445 0.9990
vn 0.9221 0.0257 0.3862
vn -0.0072 0.0408 -0.9991
vn -0.9249 -0.0255 -0.3792
vn 0.0042 -0.1044 0.9945
vn 0.9295 -0.0813 0.3596
vn 0.8211 0.4610 0.3366
vn -0.0019 0.2830 0.9591
vn -0.8468 -0.3782 -0.3740
vn 0.0077 -0.1827 -0.9831
vn -0.0191 -0.3598 -0.9328
vn -0.7356 -0.6426 -0.2141
vn -0.0016 0.2074 0.9782
vn 0.9449 -0.0107 0.3272
vn 0.8850 0.2459 0.3954
vn -0.0102 0.0761 0.9971
vn -0.8984 -0.1579 -0.4097
vn 0.0221 -0.0982 -0.9949
vn 0.9298 -0.0836 0.3586
vn 0.0052 -0.1032 0.9946
vn -0.9303 0.0378 -0.3648
vn 0.0055 0.0199 -0.9998
vn -0.0075 -0.0138 -0.9999
vn -0.9183 -0.0763 -0.3884
vn 0.0014 -0.0652 0.9979
vn 0.9288 0.0163 0.3703
vn 0.9296 0.0195 -0.3680
vn -0.9146 -0.1145 0.3877
vn -0.9310 -0.0051 0.3649
vn 0.9331 -0.0373 -0.3577
vn -0.9066 -0.0906 0.4122
vn 0.8944 0.1605 -0.4175
vn 0.9342 -0.2036 -0.2928
vn -0.8078 -0.5118 0.2925
vn -0.8839 -0.1901 0.4274
vn 0.8602 0.2897 -0.4196
vn 0.9328 -0.0327 -0.3589
vn -0.9213 -0.0860 0.3792
vn 0.9227 0.0247 -0.3847
vn -0.9240 0.0017 0.3823
vn -0.4459 0.8917 0.0773
vn -0.0437 -0.9921 0.1172
vn -0.9526 0.1741 0.2496
vn 0.8649 0.4141 -0.2837
vt 0.593750 0.125000
vt 0.625000 0.125000
vt 0.625000 0.250000
vt 0.593750 0.250000
vt 0.625000 0.500000
vt 0.593750 0.500000
vt 0.593750 0.625000
vt 0.625000 0.625000
vt 0.625000 0.750000
vt 0.593750 0.750000
vt 0.625000 1.000000
vt 0.593750 1.000000
vt 0.125000 0.625000
vt 0.375000 0.625000
vt 0.375000 0.750000
vt 0.125000 0.750000
vt 0.875000 0.625000
vt 0.875000 0.750000
vt 0.468750 0.750000
vt 0.500000 0.750000
vt 0.500000 1.000000
vt 0.468750 1.000000
vt 0.468750 0.625000
vt 0.500000 0.625000
vt 0.468750 0.250000
vt 0.500000 0.250000
vt 0.500000 0.500000
vt 0.468750 0.500000
vt 0.468750 0.125000
vt 0.500000 0.125000
vt 0.531250 0.750000
vt 0.562500 0.750000
vt 0.562500 1.000000
vt 0.531250 1.000000
vt 0.531250 0.625000
vt 0.562500 0.625000
vt 0.531250 0.250000
vt 0.562500 0.250000
vt 0.562500 0.500000
vt 0.531250 0.500000
vt 0.531250 0.125000
vt 0.562500 0.125000
vt 0.406250 0.125000
vt 0.437500 0.125000
vt 0.437500 0.250000
vt 0.406250 0.250000
vt 0.437500 0.500000
vt 0.406250 0.500000
vt 0.406250 0.625000
vt 0.437500 0.625000
vt 0.437500 0.750000
vt 0.406250 0.750000
vt 0.437500 1.000000
vt 0.406250 1.000000
vt 0.375000 1.000000
vt 0.375000 0.250000
vt 0.375000 0.500000
vt 0.375000 0.125000
vt 0.562500 0.000000
vt 0.593750 0.000000
vt 0.500000 0.000000
vt 0.531250 0.000000
vt 0.437500 0.000000
vt 0.468750 0.000000
vt 0.375000 0.000000
vt 0.406250 0.000000
vt 0.875000 0.500000
vt 0.125000 0.500000
vt 0.625000 0.000000
s 0
g Cube.004_Material.022
usemtl Material.022
f 108/70/53 92/71/53 58/72/53 88/73/53
f 88/73/54 58/72/54 62/74/54 89/75/54
f 107/76/55 94/77/55 60/78/55 90/79/55
f 90/79/56 60/78/56 56/80/56 87/81/56
f 91/82/57 93/83/57 59/84/57 55/85/57
f 94/77/58 92/86/58 56/87/58 60/78/58
f 82/88/59 66/89/59 63/90/59 79/91/59
f 104/92/60 95/93/60 66/89/60 82/88/60
f 80/94/61 64/95/61 65/96/61 81/97/61
f 103/98/62 96/99/62 64/95/62 80/94/62
f 85/100/63 70/101/63 67/102/63 86/103/63
f 106/104/64 97/105/64 70/101/64 85/100/64
f 83/106/65 68/107/65 69/108/65 84/109/65
f 105/110/66 98/111/66 68/107/66 83/106/66
f 102/112/67 99/113/67 71/114/67 75/115/67
f 75/115/68 71/114/68 72/116/68 76/117/68
f 101/118/69 100/119/69 73/120/69 77/121/69
f 77/121/70 73/120/70 74/122/70 78/123/70
f 59/84/71 77/121/71 78/123/71 55/124/71
f 93/83/72 101/118/72 77/121/72 59/84/72
f 57/125/73 75/115/73 76/117/73 61/126/73
f 91/127/74 102/112/74 75/115/74 57/125/74
f 99/113/75 103/98/75 80/94/75 71/114/75
f 71/114/76 80/94/76 81/97/76 72/116/76
f 100/119/77 104/92/77 82/88/77 73/120/77
f 73/120/78 82/88/78 79/91/78 74/122/78
f 96/99/79 105/110/79 83/106/79 64/95/79
f 64/95/80 83/106/80 84/109/80 65/96/80
f 95/93/81 106/104/81 85/100/81 66/89/81
f 66/89/82 85/100/82 86/103/82 63/90/82
f 70/101/83 90/79/83 87/81/83 67/102/83
f 97/105/84 107/76/84 90/79/84 70/101/84
f 68/107/85 88/73/85 89/75/85 69/108/85
f 98/111/86 108/70/86 88/73/86 68/107/86
f 67/128/87 87/129/87 108/70/87 98/111/87
f 69/108/88 89/75/88 107/76/88 97/105/88
f 65/96/89 84/109/89 106/104/89 95/93/89
f 63/130/90 86/131/90 105/110/90 96/99/90
f 72/116/91 81/97/91 104/92/91 100/119/91
f 74/132/92 79/133/92 103/98/92 99/113/92
f 55/134/93 78/135/93 102/112/93 91/127/93
f 61/126/94 76/117/94 101/118/94 93/83/94
f 76/117/95 72/116/95 100/119/95 101/118/95
f 78/135/96 74/132/96 99/113/96 102/112/96
f 86/131/97 67/128/97 98/111/97 105/110/97
f 84/109/98 69/108/98 97/105/98 106/104/98
f 79/133/99 63/130/99 96/99/99 103/98/99
f 81/97/100 65/96/100 95/93/100 104/92/100
f 62/74/101 58/136/101 92/86/101 94/77/101
f 57/137/102 61/126/102 93/83/102 91/82/102
f 89/75/103 62/74/103 94/77/103 107/76/103
f 87/129/104 56/138/104 92/71/104 108/70/104
o Plane.001
v 0.004395 0.929168 0.797548
v 0.006419 0.415017 0.756605
v 0.006419 0.342264 0.584699
v 0.004394 0.945273 0.356708
v 0.004025 1.099869 1.144068
v 0.006433 0.548970 1.153901
v 0.008558 0.465744 0.203236
v 0.010422 0.992285 0.209678
v 0.004395 0.906700 0.549110
v 0.006419 0.347345 0.732307
v 0.006419 0.450023 0.990780
v 0.004410 1.061321 1.060611
v 0.249097 0.700484 1.035355
v 0.245149 0.623174 1.036760
v -0.026700 0.719442 1.082795
v 0.006632 0.717063 0.195374
v 0.259342 0.674286 0.412716
v 0.249700 0.566054 0.429697
v -0.018065 0.505330 0.771709
v -0.018065 0.466511 0.486738
v -0.018073 0.595898 1.071690
v 0.001384 0.559048 0.213439
v -0.018065 0.477615 0.625279
v -0.018061 0.531884 0.953131
v -0.018567 0.852745 0.771051
v -0.018566 0.862944 0.402198
v -0.018765 0.870414 1.063919
v 0.001939 0.873516 0.218276
v -0.018567 0.842454 0.563725
v -0.018535 0.905266 0.964400
v 0.008599 0.759521 1.135141
v 0.008577 0.686658 1.255394
v 0.003697 0.951706 1.194389
v 0.008596 0.723406 1.215621
v 0.004387 0.974722 0.277531
v 0.006419 0.388659 0.440053
v 0.259206 0.677668 0.754187
v -0.018051 0.473724 0.367635
v -0.018487 0.885757 0.312939
v 0.006433 0.368718 0.358157
v 0.249669 0.584609 0.763081
v -0.016008 0.479805 0.289947
v -0.016216 0.909553 0.257816
v 0.004257 0.989824 0.241521
v 0.211641 0.929222 0.798326
v 0.207985 0.415017 0.756605
v 0.207985 0.342264 0.584699
v 0.211641 0.949703 0.351408
v 0.211816 1.114567 1.146193
v 0.207971 0.548970 1.153901
v 0.205846 0.465744 0.203236
v 0.205846 0.996355 0.208362
v 0.211641 0.907902 0.548146
v 0.207985 0.347345 0.732307
v 0.207985 0.450023 0.990780
v 0.211642 1.072742 1.069619
v 0.232516 0.717581 1.066471
v 0.207985 0.717701 0.195031
v 0.226287 0.510814 0.772642
v 0.226266 0.475174 0.481293
v 0.226543 0.601038 1.066671
v 0.208302 0.562119 0.212661
v 0.226288 0.484618 0.624258
v 0.226254 0.539577 0.954670
v 0.227511 0.850555 0.769036
v 0.227489 0.858712 0.403523
v 0.227643 0.874731 1.060981
v 0.208438 0.876069 0.216381
v 0.227510 0.840541 0.561369
v 0.227473 0.890590 0.966795
v 0.205808 0.759547 1.135143
v 0.205827 0.686658 1.255394
v 0.210951 0.954141 1.194375
v 0.205808 0.723406 1.215621
v 0.211642 0.979385 0.274294
v 0.207985 0.388659 0.440053
v 0.225859 0.480856 0.373048
v 0.227078 0.880745 0.315516
v 0.207971 0.368718 0.358157
v 0.222687 0.491483 0.295287
v 0.223792 0.894580 0.260903
v 0.211817 0.993789 0.240408
v 0.107202 0.712962 1.283193
v 0.107202 0.725878 1.227496
v 0.107202 1.112275 1.116126
v 0.107202 0.905266 0.788523
v 0.107202 0.904467 0.553167
v 0.107202 0.958221 1.234152
v 0.107202 1.171629 1.139524
v 0.107202 0.999665 0.236974
v 0.107202 1.013250 0.204361
v 0.107202 0.477924 0.166324
v 0.107202 0.322379 0.393878
v 0.107202 0.407283 0.701685
v 0.107202 0.423585 1.006024
v 0.107202 0.722493 1.095724
v 0.107202 0.532263 1.163647
v 0.107202 0.553341 0.174474
v 0.107202 0.921531 0.196210
v 0.107202 0.987339 0.266566
v 0.107202 0.960925 0.320464
v 0.107202 0.301322 0.617378
v 0.107202 0.306756 0.796737
v 0.107202 0.395057 0.439397
v 0.107202 0.718417 0.185342
v 0.053601 0.725878 1.227496
v 0.052901 0.913359 0.792121
v 0.052901 0.907569 0.553684
v 0.052918 1.166802 1.142146
v 0.053601 1.013250 0.204361
v 0.053601 0.322379 0.393878
v 0.053601 0.423585 1.006024
v 0.053601 0.722493 1.095724
v 0.053601 0.921531 0.196210
v 0.052901 0.961711 0.325219
v 0.053601 0.306756 0.796737
v 0.053601 0.718417 0.185342
v 0.053601 0.712962 1.283193
v 0.052901 1.111394 1.107754
v 0.052807 0.959784 1.236820
v 0.052893 1.001397 0.236255
v 0.053601 0.477924 0.166324
v 0.053601 0.407283 0.701685
v 0.053601 0.532263 1.163647
v 0.053601 0.553341 0.174474
v 0.052901 0.988640 0.266446
v 0.053601 0.301322 0.617378
v 0.053601 0.395057 0.439397
v 0.160803 0.712962 1.283193
v 0.161378 1.116402 1.118987
v 0.161571 0.958779 1.236883
v 0.161379 1.001032 0.236442
v 0.160803 0.477924 0.166324
v 0.160803 0.407283 0.701685
v 0.160803 0.532263 1.163647
v 0.160803 0.553341 0.174474
v 0.161378 0.988840 0.265644
v 0.160803 0.301322 0.617378
v 0.160803 0.395057 0.439397
v 0.160803 0.725878 1.227496
v 0.161378 0.905265 0.788558
v 0.161378 0.905141 0.553566
v 0.161379 1.176641 1.139984
v 0.160803 1.013250 0.204361
v 0.160803 0.322379 0.393878
v 0.160803 0.423585 1.006024
v 0.160803 0.722493 1.095724
v 0.160803 0.921531 0.196210
v 0.161378 0.962533 0.318559
v 0.160803 0.306756 0.796737
v 0.160803 0.718417 0.185342
v -0.042632 0.588370 0.771000
v -0.062717 0.675427 0.752602
v -0.042632 0.572261 0.412096
v -0.062717 0.673836 0.412900
v -0.035916 0.615654 1.039239
v -0.042533 0.707317 1.051484
v -0.032141 0.600850 0.229278
v -0.037865 0.711932 0.218030
v -0.042632 0.582155 0.555184
v -0.062717 0.671300 0.558427
v -0.042627 0.603485 0.949618
v -0.062717 0.689818 0.941367
v -0.060507 0.690584 0.262258
v -0.040565 0.579753 0.259441
v -0.042484 0.770826 0.757205
v -0.042484 0.775226 0.400704
v -0.035782 0.771222 1.030363
v -0.031775 0.806959 0.229318
v -0.042484 0.767531 0.552407
v -0.042458 0.780738 0.938482
v -0.040075 0.810226 0.264732
v -0.062702 0.679338 0.318704
v -0.042618 0.564153 0.324800
v -0.042402 0.788154 0.322247
v 0.238179 0.603593 0.225452
v 0.241378 0.709686 0.221073
v 0.249722 0.573379 0.577292
v 0.259364 0.673387 0.559825
v 0.248819 0.599652 0.942024
v 0.257310 0.688094 0.935056
v 0.255293 0.691872 0.266217
v 0.246774 0.572698 0.272767
v 0.249865 0.774718 0.755294
v 0.249896 0.781486 0.412150
v 0.245390 0.792142 1.028365
v 0.238208 0.816077 0.229373
v 0.249918 0.771606 0.559094
v 0.249020 0.789682 0.937035
v 0.246955 0.812779 0.268441
v 0.258873 0.679248 0.325241
v 0.249344 0.563680 0.336462
v 0.249541 0.796835 0.325639
vn -0.9625 -0.2685 0.0398
vn -0.9834 -0.1810 0.0102
vn -0.9500 -0.2046 -0.2360
vn -0.9794 -0.1764 0.0985
vn -0.9615 -0.2377 0.1375
vn -0.9718 0.2326 -0.0386
vn -0.9761 -0.2169 0.0162
vn -0.9691 0.2399 0.0581
vn -0.7636 -0.3678 -0.5308
vn -0.9664 0.2517 0.0527
vn -0.9592 -0.2741 -0.0690
vn -0.9692 -0.2452 0.0230
vn -0.4764 -0.0961 -0.8740
vn -0.9702 -0.2424 0.0009
vn -0.4839 0.1205 -0.8668
vn -0.9652 0.2423 -0.0979
vn -0.9465 0.3183 0.0531
vn -0.9744 0.0033 0.2250
vn -0.9290 0.0903 -0.3590
vn -0.9498 0.3120 -0.0224
vn -0.9927 0.1204 -0.0058
vn -0.9502 0.2977 0.0920
vn -0.9844 0.1614 0.0706
vn -0.9179 -0.3623 0.1621
vn -0.9614 -0.2695 -0.0548
vn -0.9571 0.2740 0.0945
vn -0.8842 -0.1118 0.4536
vn -0.9525 0.1174 0.2809
vn -0.9737 -0.2277 0.0072
vn 0.9813 -0.1904 0.0293
vn 0.9916 -0.1293 0.0064
vn 0.9825 -0.1131 -0.1481
vn 0.9893 -0.1279 0.0695
vn 0.9806 -0.1697 0.0980
vn 0.5956 0.0954 -0.7976
vn 0.9795 0.1987 0.0326
vn 0.9135 -0.3708 0.1674
vn 0.8670 -0.0403 0.4966
vn 0.9109 0.0519 0.4094
vn 0.9550 0.2963 -0.0095
vn 0.9036 0.2919 -0.3136
vn 0.9554 0.2941 0.0269
vn 0.9471 -0.3183 0.0409
vn 0.9680 0.2488 -0.0338
vn 0.9870 0.1496 -0.0585
vn 0.9770 0.2103 0.0355
vn 0.9866 -0.0010 0.1633
vn 0.9614 0.0283 -0.2737
vn 0.9767 0.2139 -0.0146
vn 0.9966 0.0812 -0.0143
vn 0.9802 0.1898 0.0570
vn 0.9694 -0.2452 0.0140
vn 0.9634 0.2674 0.0206
vn 0.9813 -0.1881 -0.0403
vn 0.9901 0.1403 0.0100
vn 0.8053 -0.3896 -0.4469
vn 0.9603 0.2737 0.0544
vn 0.9877 -0.1561 -0.0106
vn 0.4378 0.7977 0.4149
vn -0.0311 0.8611 -0.5075
vn -0.2549 0.9660 -0.0427
vn 0.5007 0.3092 0.8085
vn 0.2248 0.9543 0.1970
vn 0.3013 -0.7949 -0.5266
vn 0.3053 -0.9480 0.0903
vn -0.3922 0.9091 0.1403
vn 0.2657 -0.5486 0.7927
vn 0.6301 0.0701 -0.7733
vn 0.2547 0.0037 -0.9670
vn 0.1035 0.9164 0.3866
vn 0.0365 0.9740 0.2238
vn 0.6676 -0.7442 0.0239
vn 0.1966 -0.8993 -0.3906
vn -0.1051 0.3856 0.9167
vn 0.4892 -0.7055 0.5128
vn 0.0403 0.9177 0.3952
vn 0.3360 0.0832 -0.9382
vn 0.4524 -0.0184 -0.8916
vn 0.1725 -0.4173 0.8922
vn 0.4668 -0.7424 0.4806
vn 0.3835 0.6378 -0.6679
vn 0.0236 0.4496 -0.8929
vn -0.0000 -0.8233 0.5676
vn 0.0139 -0.5087 0.8608
vn -0.0000 0.0657 -0.9978
vn -0.0000 0.0534 -0.9986
vn 0.0356 0.9033 0.4276
vn -0.0000 -0.5308 0.8475
vn -0.0000 0.6870 0.7266
vn -0.0000 -0.8848 -0.4660
vn -0.0000 -0.9995 0.0303
vn 0.0461 0.9714 0.2330
vn 0.0228 0.9219 0.3868
vn -0.0000 0.0885 -0.9961
vn -0.0000 0.1075 -0.9942
vn -0.0000 -0.5518 0.8340
vn -0.0000 0.9997 -0.0257
vn -0.0000 -0.9986 0.0535
vn -0.0000 -0.8256 -0.5643
vn 0.0125 0.9302 0.3669
vn 0.0320 0.4103 0.9114
vn 0.1020 0.9947 -0.0138
vn 0.0794 0.8435 -0.5312
vn -0.0000 0.9741 0.2259
vn -0.4378 0.7977 0.4149
vn -0.0933 0.8648 -0.4934
vn 0.1515 0.9868 -0.0573
vn -0.5580 0.3142 0.7681
vn -0.3107 0.9340 0.1763
vn -0.3013 -0.7949 -0.5266
vn -0.3053 -0.9480 0.0903
vn 0.3920 0.9092 0.1402
vn -0.2657 -0.5486 0.7927
vn -0.6165 0.0592 -0.7851
vn -0.2837 0.0094 -0.9589
vn -0.1738 0.9076 0.3823
vn -0.1138 0.9702 0.2137
vn -0.6676 -0.7442 0.0239
vn -0.1966 -0.8993 -0.3906
vn 0.1051 0.3856 0.9167
vn -0.4892 -0.7055 0.5128
vn -0.1227 0.9187 0.3755
vn -0.3458 0.0833 -0.9346
vn -0.4433 -0.0128 -0.8963
vn -0.1576 -0.4192 0.8941
vn -0.4668 -0.7424 0.4806
vn -0.5439 0.6553 -0.5241
vn -0.0006 0.3480 -0.9375
vn -0.0191 -0.5095 0.8602
vn -0.0142 0.8966 0.4426
vn -0.0172 0.9715 0.2365
vn -0.0193 0.9228 0.3848
vn -0.0100 0.9288 0.3705
vn -0.0476 0.4054 0.9129
vn -0.0062 1.0000 -0.0020
vn -0.0178 0.8439 -0.5362
vn -0.9744 0.1889 0.1221
vn -0.9784 0.2066 -0.0038
vn -0.9335 0.1366 -0.3316
vn -0.9795 0.2012 0.0069
vn -0.9771 0.2125 -0.0139
vn -0.9767 -0.1500 0.1538
vn -0.9751 -0.2218 0.0056
vn -0.8900 -0.1197 -0.4399
vn -0.9785 -0.2062 0.0053
vn -0.9746 -0.2231 0.0179
vn -0.9833 -0.1822 0.0025
vn -0.9816 0.1901 0.0197
vn -0.9819 -0.1749 -0.0728
vn -0.9845 0.1752 0.0122
vn -0.9527 -0.3018 0.0349
vn -0.9596 0.2802 0.0252
vn -0.8633 0.2523 -0.4370
vn -0.9560 0.2931 -0.0097
vn 0.9964 0.0633 0.0567
vn 0.9954 0.0958 -0.0013
vn 0.9676 0.0603 -0.2452
vn 0.9958 0.0916 0.0032
vn 0.9961 0.0884 0.0013
vn 0.9948 -0.0709 0.0737
vn 0.9952 -0.0982 0.0046
vn 0.9616 -0.0630 -0.2673
vn 0.9958 -0.0919 0.0019
vn 0.9951 -0.0976 0.0145
vn 0.9963 -0.0861 -0.0058
vn 0.9965 0.0833 0.0050
vn 0.9946 -0.0813 -0.0642
vn 0.9966 0.0742 -0.0346
vn 0.9643 -0.2645 -0.0080
vn 0.5505 -0.0760 -0.8314
vn 0.9632 -0.2670 0.0301
vn 0.9491 -0.3044 -0.0808
vt 0.750000 0.375000
vt 0.750000 0.500000
vt 1.000000 0.500000
vt 1.000000 0.375000
vt 0.750000 0.625000
vt 0.750000 0.750000
vt 1.000000 0.750000
vt 1.000000 0.625000
vt 0.750000 0.843750
vt 0.750000 0.875000
vt 1.000000 0.875000
vt 1.000000 0.843750
vt 0.750000 0.250000
vt 1.000000 0.250000
vt 0.250000 0.375000
vt 0.250000 0.500000
vt 0.250000 0.812500
vt 0.250000 0.843750
vt 0.250000 0.750000
vt 0.750000 0.812500
vt 0.500000 0.875000
vt 0.250000 0.875000
vt 0.000000 0.375000
vt 0.000000 0.500000
vt 0.000000 0.625000
vt 0.000000 0.750000
vt 0.250000 0.625000
vt 0.000000 0.250000
vt 0.250000 0.250000
vt 0.500000 0.250000
vt 0.625000 0.250000
vt 0.000000 0.843750
vt 0.000000 0.875000
vt 0.000000 0.812500
vt 1.000000 0.812500
vt 0.000000 0.875000
vt 1.000000 0.875000
vt 1.000000 0.375000
vt 0.500000 0.250000
vt 0.750000 0.875000
vt 0.000000 0.750000
vt 1.000000 0.625000
vt 1.000000 0.750000
vt 0.500000 0.875000
vt 0.000000 0.250000
vt 0.000000 0.375000
vt 0.250000 0.250000
vt 0.250000 0.250000
vt 0.750000 0.875000
vt 0.250000 0.875000
vt 0.000000 0.812500
vt 1.000000 0.812500
vt 1.000000 0.843750
vt 1.000000 0.843750
vt 1.000000 0.812500
vt 1.000000 0.625000
vt 1.000000 0.750000
vt 0.000000 0.875000
vt 0.750000 0.250000
vt 0.625000 0.250000
vt 0.500000 0.375000
vt 0.500000 0.625000
vt 0.500000 0.500000
vt 0.500000 0.843750
vt 0.500000 0.750000
vt 0.500000 0.812500
s 0
g Plane.001_Material.023
usemtl Material.023
f 132/139/105 127/140/105 110/141/105 119/142/105
f 131/143/106 128/144/106 111/145/106 118/146/106
f 150/147/107 130/148/107 115/149/107 148/150/107
f 127/140/108 131/143/108 118/146/108 110/141/108
f 129/151/109 132/139/109 119/142/109 114/152/109
f 138/153/110 133/154/110 274/154/110 279/153/110
f 128/144/111 131/143/111 268/143/111 262/144/111
f 147/155/112 151/156/112 280/156/112 283/155/112
f 130/148/113 150/147/113 273/147/113 266/148/113
f 134/157/114 147/155/114 283/155/114 275/157/114
f 150/147/115 146/158/115 282/158/115 273/147/115
f 131/143/116 127/140/116 260/140/116 268/143/116
f 124/159/117 130/148/117 266/148/117 267/159/117
f 146/158/118 128/144/118 262/144/118 282/158/118
f 136/160/119 124/159/119 267/159/119 277/160/119
f 120/161/120 109/162/120 133/154/120 138/153/120
f 117/163/121 112/164/121 134/157/121 137/165/121
f 113/166/122 135/167/122 123/168/122 129/151/122 114/152/122 140/151/122 142/169/122 139/168/122 141/167/122
f 152/170/123 116/171/123 136/160/123 151/156/123
f 109/162/124 117/163/124 137/165/124 133/154/124
f 113/166/125 120/161/125 138/153/125 135/167/125
f 112/164/126 143/172/126 147/155/126 134/157/126
f 135/167/127 138/153/127 279/153/127 276/167/127
f 132/139/128 129/151/128 264/151/128 270/139/128
f 128/144/129 146/158/129 144/173/129 111/145/129
f 143/172/130 152/170/130 151/156/130 147/155/130
f 129/151/131 123/168/131 265/168/131 264/151/131
f 123/168/132 135/167/132 276/167/132 265/168/132
f 146/158/133 150/147/133 148/150/133 144/173/133
f 172/139/134 163/142/134 154/141/134 167/140/134
f 171/143/135 162/146/135 155/145/135 168/144/135
f 188/147/136 187/150/136 159/149/136 170/148/136
f 167/140/137 154/141/137 162/146/137 171/143/137
f 169/151/138 158/152/138 163/142/138 172/139/138
f 166/159/139 176/160/139 295/160/139 285/159/139
f 178/153/140 175/167/140 294/167/140 297/153/140
f 169/151/141 172/139/141 288/139/141 122/151/141
f 165/168/142 169/151/142 122/151/142 121/168/142
f 175/167/143 165/168/143 121/168/143 294/167/143
f 177/165/144 173/154/144 292/154/144 296/165/144
f 176/160/145 189/156/145 298/156/145 295/160/145
f 174/157/146 177/165/146 296/165/146 293/157/146
f 172/139/147 167/140/147 149/140/147 288/139/147
f 173/154/148 178/153/148 297/153/148 292/154/148
f 164/161/149 178/153/149 173/154/149 153/162/149
f 161/163/150 177/165/150 174/157/150 156/164/150
f 157/166/151 181/167/151 179/168/151 182/169/151 180/151/151 158/152/151 169/151/151 165/168/151 175/167/151
f 190/170/152 189/156/152 176/160/152 160/171/152
f 153/162/153 173/154/153 177/165/153 161/163/153
f 157/166/154 175/167/154 178/153/154 164/161/154
f 156/164/155 174/157/155 186/155/155 183/172/155
f 171/143/156 168/144/156 126/144/156 286/143/156
f 189/156/157 186/155/157 301/155/157 298/156/157
f 168/144/158 155/145/158 184/173/158 185/158/158
f 183/172/159 186/155/159 189/156/159 190/170/159
f 188/147/160 170/148/160 284/148/160 291/147/160
f 186/155/161 174/157/161 293/157/161 301/155/161
f 185/158/162 184/173/162 187/150/162 188/147/162
f 248/169/163 237/151/163 180/151/163 182/169/163
f 249/162/164 238/161/164 164/161/164 153/162/164
f 250/163/165 249/162/165 153/162/165 161/163/165
f 251/166/166 239/167/166 181/167/166 157/166/166
f 252/174/167 240/170/167 190/170/167 160/171/167
f 253/150/168 241/175/168 159/149/168 187/150/168
f 254/176/169 242/141/169 154/141/169 163/142/169
f 255/177/170 248/169/170 182/169/170 179/168/170
f 237/151/171 243/152/171 158/152/171 180/151/171
f 241/175/172 244/178/172 170/148/172 159/149/172
f 256/160/173 252/174/173 160/171/173 176/160/173
f 240/170/174 245/172/174 183/172/174 190/170/174
f 257/179/175 250/163/175 161/163/175 156/164/175
f 258/180/176 246/181/176 155/145/176 162/146/176
f 246/181/177 247/173/177 184/173/177 155/145/177
f 242/141/178 258/180/178 162/146/178 154/141/178
f 247/173/179 253/150/179 187/150/179 184/173/179
f 245/172/180 257/179/180 156/164/180 183/172/180
f 259/182/181 256/160/181 176/160/181 166/159/181
f 244/178/182 259/182/182 166/159/182 170/148/182
f 239/167/183 255/177/183 179/168/183 181/167/183
f 243/152/184 254/176/184 163/142/184 158/152/184
f 238/161/185 251/166/185 157/166/185 164/161/185
f 227/161/186 217/166/186 197/183/186 193/184/186
f 232/152/187 220/142/187 203/176/187 205/152/187
f 228/185/188 221/177/188 204/168/188 196/186/188
f 233/187/189 225/182/189 213/159/189 206/187/189
f 225/182/190 222/160/190 207/188/190 213/159/190
f 234/189/191 223/164/191 209/179/191 208/172/191
f 236/190/192 219/191/192 201/192/192 212/193/192
f 231/141/193 224/146/193 211/194/193 202/141/193
f 235/145/194 236/190/194 212/193/194 210/195/194
f 224/146/195 235/145/195 210/195/195 211/194/195
f 223/164/196 216/163/196 195/163/196 209/179/196
f 229/170/197 234/189/197 208/172/197 198/170/197
f 222/160/198 218/171/198 199/196/198 207/188/198
f 230/149/199 233/187/199 206/187/199 200/175/199
f 226/197/200 232/152/200 205/152/200 191/151/200
f 221/177/201 214/198/201 192/169/201 204/168/201
f 220/142/202 231/141/202 202/141/202 203/176/202
f 219/191/203 230/149/203 200/175/203 201/192/203
f 218/171/204 229/170/204 198/170/204 199/196/204
f 217/166/205 228/185/205 196/186/205 197/183/205
f 216/163/206 215/162/206 194/162/206 195/163/206
f 215/162/207 227/161/207 193/184/207 194/162/207
f 214/198/208 226/197/208 191/151/208 192/169/208
f 142/169/209 140/151/209 226/197/209 214/198/209
f 109/162/210 120/161/210 227/161/210 215/162/210
f 117/163/211 109/162/211 215/162/211 216/163/211
f 113/166/212 141/167/212 228/185/212 217/166/212
f 116/171/213 152/170/213 229/170/213 218/171/213
f 148/150/214 115/149/214 230/149/214 219/191/214
f 119/142/215 110/141/215 231/141/215 220/142/215
f 139/168/216 142/169/216 214/198/216 221/177/216
f 140/151/217 114/152/217 232/152/217 226/197/217
f 115/149/218 130/148/218 233/187/218 230/149/218
f 136/160/219 116/171/219 218/171/219 222/160/219
f 152/170/220 143/172/220 234/189/220 229/170/220
f 112/164/221 117/163/221 216/163/221 223/164/221
f 118/146/222 111/145/222 235/145/222 224/146/222
f 111/145/223 144/173/223 236/190/223 235/145/223
f 110/141/224 118/146/224 224/146/224 231/141/224
f 144/173/225 148/150/225 219/191/225 236/190/225
f 143/172/226 112/164/226 223/164/226 234/189/226
f 124/159/227 136/160/227 222/160/227 225/182/227
f 130/148/228 124/159/228 225/182/228 233/187/228
f 141/167/229 139/168/229 221/177/229 228/185/229
f 114/152/230 119/142/230 220/142/230 232/152/230
f 120/161/231 113/166/231 217/166/231 227/161/231
f 193/184/232 197/183/232 251/166/232 238/161/232
f 205/152/187 203/176/187 254/176/187 243/152/187
f 196/186/233 204/168/233 255/177/233 239/167/233
f 206/187/189 213/159/189 259/182/189 244/178/189
f 213/159/190 207/188/190 256/160/190 259/182/190
f 208/172/234 209/179/234 257/179/234 245/172/234
f 212/193/192 201/192/192 253/150/192 247/173/192
f 202/141/193 211/194/193 258/180/193 242/141/193
f 210/195/194 212/193/194 247/173/194 246/181/194
f 211/194/195 210/195/195 246/181/195 258/180/195
f 209/179/235 195/163/235 250/163/235 257/179/235
f 198/170/236 208/172/236 245/172/236 240/170/236
f 207/188/198 199/196/198 252/174/198 256/160/198
f 200/175/199 206/187/199 244/178/199 241/175/199
f 191/151/200 205/152/200 243/152/200 237/151/200
f 204/168/201 192/169/201 248/169/201 255/177/201
f 203/176/202 202/141/202 242/141/202 254/176/202
f 201/192/203 200/175/203 241/175/203 253/150/203
f 199/196/237 198/170/237 240/170/237 252/174/237
f 197/183/238 196/186/238 239/167/238 251/166/238
f 195/163/239 194/162/239 249/162/239 250/163/239
f 194/162/240 193/184/240 238/161/240 249/162/240
f 192/169/208 191/151/208 237/151/208 248/169/208
f 276/167/241 279/153/241 271/199/241 265/168/241
f 274/154/242 278/165/242 269/200/242 261/201/242
f 280/156/243 277/160/243 267/159/243 272/202/243
f 278/165/244 275/157/244 263/203/244 269/200/244
f 279/153/245 274/154/245 261/201/245 271/199/245
f 265/168/246 271/199/246 270/139/246 264/151/246
f 261/201/247 269/200/247 268/143/247 260/140/247
f 272/202/248 267/159/248 266/148/248 273/147/248
f 269/200/249 263/203/249 262/144/249 268/143/249
f 271/199/250 261/201/250 260/140/250 270/139/250
f 263/203/251 281/204/251 282/158/251 262/144/251
f 275/157/252 283/155/252 281/204/252 263/203/252
f 281/204/253 272/202/253 273/147/253 282/158/253
f 283/155/254 280/156/254 272/202/254 281/204/254
f 127/140/255 132/139/255 270/139/255 260/140/255
f 137/165/256 134/157/256 275/157/256 278/165/256
f 151/156/257 136/160/257 277/160/257 280/156/257
f 133/154/258 137/165/258 278/165/258 274/154/258
f 294/167/259 121/168/259 289/199/259 297/153/259
f 292/154/260 145/201/260 287/200/260 296/165/260
f 298/156/261 290/202/261 285/159/261 295/160/261
f 296/165/262 287/200/262 125/203/262 293/157/262
f 297/153/263 289/199/263 145/201/263 292/154/263
f 121/168/264 122/151/264 288/139/264 289/199/264
f 145/201/265 149/140/265 286/143/265 287/200/265
f 290/202/266 291/147/266 284/148/266 285/159/266
f 287/200/267 286/143/267 126/144/267 125/203/267
f 289/199/268 288/139/268 149/140/268 145/201/268
f 125/203/269 126/144/269 300/158/269 299/204/269
f 293/157/270 125/203/270 299/204/270 301/155/270
f 299/204/271 300/158/271 291/147/271 290/202/271
f 301/155/272 299/204/272 290/202/272 298/156/272
f 168/144/273 185/158/273 300/158/273 126/144/273
f 170/148/274 166/159/274 285/159/274 284/148/274
f 167/140/275 171/143/275 286/143/275 149/140/275
f 185/158/276 188/147/276 291/147/276 300/158/276
o Cube.005
v 0.437059 1.587971 0.025575
v 0.369639 1.801942 0.025575
v 0.437059 1.587971 -0.341346
v 0.369639 1.801942 -0.341346
v 1.740704 1.619443 0.025575
v 1.689916 1.739525 0.025575
v 1.740704 1.619443 -0.341346
v 1.689916 1.739525 -0.341346
v 1.100513 1.493346 -0.354859
v 1.064898 1.774863 -0.354859
v 1.100513 1.493346 0.039088
v 1.064898 1.774864 0.039088
v 0.870762 1.502767 -0.354859
v 0.728459 1.795608 0.039088
v 0.728459 1.795608 -0.354858
v 0.870762 1.502767 0.039088
v 1.417754 1.766395 -0.354385
v 1.460718 1.525354 0.038614
v 1.460718 1.525354 -0.354385
v 1.417754 1.766395 0.038614
v 1.273892 1.502179 -0.354817
v 1.242809 1.769034 0.039046
v 1.242809 1.769033 -0.354817
v 1.273892 1.502180 0.039046
v 0.761516 1.504801 -0.354817
v 0.586986 1.802853 0.039046
v 0.586986 1.802853 -0.354816
v 0.761516 1.504801 0.039046
v 1.582313 1.758595 -0.351607
v 1.633593 1.567554 0.035836
v 1.633593 1.567553 -0.351607
v 1.582313 1.758596 0.035836
v 0.891893 1.782521 -0.354861
v 0.978429 1.475369 0.039090
v 0.978429 1.475368 -0.354861
v 0.891893 1.782521 0.039090
v 0.398855 1.694972 0.033535
v 0.398855 1.694972 -0.349305
v 1.724353 1.679141 -0.349306
v 1.724353 1.679141 0.033534
v 1.084964 1.647089 0.065003
v 1.084964 1.647089 -0.380774
v 0.784406 1.658322 -0.380774
v 0.784406 1.658323 0.065003
v 1.439122 1.655991 0.064051
v 1.439122 1.655990 -0.379822
v 1.259718 1.648836 -0.380688
v 1.259718 1.648837 0.064917
v 0.652649 1.665404 -0.380688
v 0.652649 1.665404 0.064918
v 1.605619 1.668121 0.058298
v 1.605619 1.668121 -0.374069
v 0.928771 1.646052 0.065008
v 0.928771 1.646051 -0.380779
v 0.621550 1.551407 -0.354385
v 0.483369 1.810470 0.038614
v 0.483370 1.810470 -0.354385
v 0.621550 1.551407 0.038614
v 0.537389 1.683133 -0.379821
v 0.537389 1.683133 0.064051
v 0.506532 1.575890 -0.351607
v 0.411297 1.810704 0.035836
v 0.451723 1.693028 0.058298
v 0.411297 1.810704 -0.351607
v 0.506532 1.575890 0.035836
v 0.451723 1.693027 -0.374069
v 0.417527 1.523103 -0.157886
v 0.342157 1.843721 -0.157885
v 1.814704 1.624511 -0.157886
v 1.719510 1.756096 -0.157886
v 1.054234 1.835192 -0.157886
v 1.071045 1.416059 -0.157885
v 0.930203 1.441411 -0.157885
v 0.700305 1.865046 -0.157885
v 1.408394 1.823452 -0.157886
v 1.476677 1.435777 -0.157885
v 1.273861 1.406199 -0.157885
v 1.234434 1.826065 -0.157886
v 0.868234 1.372397 -0.157885
v 0.552403 1.872573 -0.157885
v 1.586064 1.808191 -0.157886
v 1.679494 1.499158 -0.157885
v 0.873592 1.847073 -0.157886
v 1.003441 1.335776 -0.157885
v 1.789481 1.683836 -0.157886
v 0.372456 1.694924 -0.157885
v 0.665416 1.498454 -0.157885
v 0.456013 1.878975 -0.157885
v 0.518936 1.519229 -0.157885
v 0.386674 1.876272 -0.157885
v 0.417527 1.523103 -0.036763
v 1.714711 1.753536 -0.044876
v 1.055643 1.827387 -0.043091
v 1.071045 1.416059 -0.036763
v 0.930203 1.441412 -0.036763
v 0.704288 1.855894 -0.043091
v 1.409617 1.815914 -0.043171
v 1.476677 1.435777 -0.036763
v 1.273861 1.406199 -0.036763
v 1.235441 1.818746 -0.043099
v 0.868234 1.372397 -0.036763
v 0.557563 1.863525 -0.043099
v 1.584872 1.801359 -0.043588
v 1.679494 1.499158 -0.036763
v 0.876078 1.838786 -0.043091
v 1.003441 1.335776 -0.036763
v 1.780953 1.683394 -0.043622
v 0.665416 1.498454 -0.036763
v 0.459954 1.869968 -0.043170
v 0.518936 1.519229 -0.036763
v 0.390213 1.867507 -0.043588
v 0.346671 1.836659 -0.044585
v 1.814704 1.624511 -0.036763
v 0.372456 1.694924 -0.036763
v 0.346671 1.836659 -0.271186
v 1.814704 1.624511 -0.279008
v 0.372456 1.694924 -0.279008
v 0.417527 1.523103 -0.279008
v 1.714711 1.753535 -0.270896
v 1.055642 1.827387 -0.272680
v 1.071045 1.416059 -0.279008
v 0.930203 1.441411 -0.279008
v 0.704288 1.855894 -0.272680
v 1.409617 1.815914 -0.272601
v 1.476677 1.435777 -0.279008
v 1.273861 1.406199 -0.279008
v 1.235441 1.818746 -0.272672
v 0.868234 1.372396 -0.279008
v 0.557564 1.863525 -0.272672
v 1.584872 1.801359 -0.272183
v 1.679494 1.499157 -0.279008
v 0.876078 1.838786 -0.272680
v 1.003441 1.335776 -0.279008
v 1.780953 1.683393 -0.272149
v 0.665416 1.498454 -0.279008
v 0.459954 1.869968 -0.272600
v 0.518936 1.519229 -0.279008
v 0.390213 1.867507 -0.272183
vn -0.9400 -0.1899 -0.2835
vn 0.1567 0.2525 -0.9548
vn 0.6911 0.5649 0.4510
vn -0.3486 0.0188 0.9371
vn 0.4536 -0.5810 0.6758
vn -0.4088 0.7199 0.5609
vn 0.0345 0.8501 0.5254
vn 0.2865 -0.5531 0.7823
vn 0.0027 0.2048 0.9788
vn 0.0039 0.1933 -0.9811
vn 0.0095 0.1893 -0.9819
vn 0.1939 -0.4961 0.8463
vn 0.0740 0.8219 0.5648
vn 0.0157 0.1912 0.9814
vn 0.0219 0.2365 0.9714
vn 0.0617 0.8671 0.4942
vn 0.0855 -0.6249 0.7760
vn 0.0008 0.2173 -0.9761
vn 0.0027 0.2048 -0.9788
vn -0.0017 -0.6585 0.7526
vn 0.0008 0.2173 0.9761
vn 0.0142 0.8560 0.5168
vn -0.3784 -0.7500 0.5425
vn 0.0171 0.1976 -0.9801
vn 0.0418 0.8111 0.5834
vn 0.0095 0.1893 0.9819
vn 0.2677 0.8838 0.3837
vn 0.1567 0.2525 0.9548
vn 0.1834 -0.6328 0.7523
vn 0.0219 0.2365 -0.9714
vn 0.0039 0.1933 0.9811
vn 0.0452 0.8362 0.5466
vn 0.0157 0.1912 -0.9814
vn -0.4768 -0.6484 0.5934
vn -0.0264 -0.1676 -0.9855
vn 0.0107 -0.1557 0.9878
vn 0.0552 -0.1912 -0.9800
vn 0.1879 -0.1328 0.9732
vn -0.0068 -0.1657 0.9861
vn -0.0578 -0.2095 -0.9761
vn 0.0184 -0.1796 0.9836
vn 0.0055 -0.1694 -0.9855
vn 0.0184 -0.1796 -0.9836
vn 0.0552 -0.1912 0.9800
vn -0.0264 -0.1676 0.9855
vn -0.0068 -0.1657 -0.9861
vn 0.0107 -0.1557 -0.9878
vn 0.0055 -0.1694 0.9855
vn -0.2928 -0.2469 0.9238
vn 0.6901 0.2854 0.6651
vn 0.1879 -0.1328 -0.9732
vn -0.8615 -0.2696 -0.4303
vn -0.0578 -0.2095 0.9761
vn -0.0809 -0.2318 -0.9694
vn -0.0419 0.1761 -0.9835
vn -0.1479 -0.8208 0.5518
vn 0.0554 0.8137 0.5786
vn 0.0171 0.1976 0.9801
vn -0.1088 -0.7358 0.6684
vn -0.3486 0.0188 -0.9371
vn -0.2928 -0.2469 -0.9238
vn -0.0809 -0.2318 0.9694
vn -0.0260 0.8073 0.5896
vn -0.0419 0.1761 0.9835
vn -0.0372 0.9962 -0.0785
vn -0.0382 -0.9993 -0.0000
vn 0.0659 0.9950 -0.0757
vn -0.1404 -0.9901 -0.0000
vn -0.9673 -0.2537 -0.0000
vn 0.8936 0.4477 -0.0332
vn -0.8218 -0.5698 -0.0000
vn 0.0643 0.9956 -0.0687
vn 0.2983 -0.9545 -0.0000
vn 0.3546 0.9338 -0.0479
vn 0.0512 0.9957 -0.0769
vn -0.5279 -0.8493 -0.0000
vn 0.0156 0.9978 -0.0644
vn -0.0486 -0.9988 -0.0000
vn 0.1443 -0.9895 -0.0000
vn 0.0841 0.9945 -0.0624
vn 0.1009 0.9923 -0.0725
vn 0.7441 -0.6681 -0.0000
vn 0.7649 -0.6441 -0.0000
vn 0.0492 0.9967 -0.0651
vn -0.5831 0.8087 -0.0769
vn 0.6799 -0.7333 -0.0000
vn 0.7214 0.6906 -0.0514
vn -0.9819 -0.1892 0.0132
vn -0.9400 -0.1899 0.2835
vn -0.8615 -0.2696 0.4303
vn -0.0372 0.9962 0.0785
vn 0.0659 0.9950 0.0757
vn 0.8936 0.4477 0.0332
vn 0.0643 0.9956 0.0687
vn 0.3546 0.9338 0.0479
vn 0.0512 0.9957 0.0769
vn 0.0156 0.9978 0.0644
vn 0.0841 0.9945 0.0624
vn 0.1009 0.9923 0.0725
vn 0.0492 0.9967 0.0651
vn -0.5831 0.8087 0.0769
vn 0.7214 0.6906 0.0514
vn 0.6911 0.5649 -0.4510
vn 0.4536 -0.5810 -0.6758
vn -0.4088 0.7199 -0.5609
vn 0.0345 0.8501 -0.5254
vn 0.2865 -0.5531 -0.7823
vn 0.1939 -0.4962 -0.8463
vn 0.0740 0.8219 -0.5648
vn 0.0617 0.8671 -0.4942
vn 0.0855 -0.6249 -0.7760
vn -0.0017 -0.6585 -0.7526
vn 0.0142 0.8560 -0.5168
vn -0.3784 -0.7500 -0.5425
vn 0.0418 0.8111 -0.5834
vn 0.2677 0.8838 -0.3837
vn 0.1834 -0.6328 -0.7523
vn 0.0452 0.8362 -0.5466
vn -0.4768 -0.6484 -0.5934
vn 0.6901 0.2854 -0.6651
vn -0.1479 -0.8208 -0.5518
vn 0.0554 0.8137 -0.5786
vn -0.1088 -0.7358 -0.6684
vn -0.0260 0.8073 -0.5896
vn -0.9819 -0.1892 -0.0132
vt 0.500000 0.187500
vt 0.625000 0.187500
vt 0.625000 0.250000
vt 0.500000 0.250000
vt 0.500000 0.468750
vt 0.625000 0.468750
vt 0.625000 0.500000
vt 0.500000 0.500000
vt 0.500000 0.687500
vt 0.625000 0.687500
vt 0.625000 0.750000
vt 0.500000 0.750000
vt 0.500000 0.992187
vt 0.625000 0.992187
vt 0.625000 1.000000
vt 0.500000 1.000000
vt 0.343750 0.687500
vt 0.375000 0.687500
vt 0.375000 0.750000
vt 0.343750 0.750000
vt 0.867188 0.687500
vt 0.875000 0.687500
vt 0.875000 0.750000
vt 0.867188 0.750000
vt 0.718750 0.687500
vt 0.750000 0.687500
vt 0.750000 0.750000
vt 0.718750 0.750000
vt 0.218750 0.687500
vt 0.250000 0.687500
vt 0.250000 0.750000
vt 0.218750 0.750000
vt 0.500000 0.843750
vt 0.625000 0.843750
vt 0.625000 0.875000
vt 0.500000 0.875000
vt 0.500000 0.343750
vt 0.625000 0.343750
vt 0.625000 0.375000
vt 0.500000 0.375000
vt 0.500000 0.281250
vt 0.625000 0.281250
vt 0.625000 0.312500
vt 0.500000 0.312500
vt 0.156250 0.687500
vt 0.187500 0.687500
vt 0.187500 0.750000
vt 0.156250 0.750000
vt 0.781250 0.687500
vt 0.812500 0.687500
vt 0.812500 0.750000
vt 0.781250 0.750000
vt 0.500000 0.906250
vt 0.625000 0.906250
vt 0.625000 0.937500
vt 0.500000 0.937500
vt 0.500000 0.781250
vt 0.625000 0.781250
vt 0.625000 0.812500
vt 0.500000 0.812500
vt 0.656250 0.687500
vt 0.687500 0.687500
vt 0.687500 0.750000
vt 0.656250 0.750000
vt 0.281250 0.687500
vt 0.312500 0.687500
vt 0.312500 0.750000
vt 0.281250 0.750000
vt 0.500000 0.406250
vt 0.625000 0.406250
vt 0.625000 0.437500
vt 0.500000 0.437500
vt 0.140625 0.687500
vt 0.140625 0.750000
vt 0.500000 0.265625
vt 0.625000 0.265625
vt 0.843750 0.687500
vt 0.843750 0.750000
vt 0.625000 0.968750
vt 0.500000 0.968750
vt 0.375000 0.312500
vt 0.375000 0.343750
vt 0.375000 0.875000
vt 0.375000 0.906250
vt 0.375000 0.437500
vt 0.375000 0.468750
vt 0.375000 0.781250
vt 0.375000 0.937500
vt 0.375000 0.968750
vt 0.375000 0.265625
vt 0.375000 0.281250
vt 0.375000 0.812500
vt 0.375000 0.843750
vt 0.375000 0.375000
vt 0.375000 0.406250
vt 0.375000 0.992188
vt 0.375000 1.000000
vt 0.375000 0.500000
vt 0.375000 0.187500
vt 0.375000 0.250000
vt 0.500000 0.984375
vt 0.375000 0.984375
vt 0.375000 0.257812
vt 0.500000 0.257812
vt 0.625000 0.257812
vt 0.132812 0.687500
vt 0.132812 0.750000
vt 0.859375 0.687500
vt 0.859375 0.750000
vt 0.625000 0.984375
vt 0.125000 0.687500
vt 0.125000 0.750000
vt 0.859375 0.562500
vt 0.867188 0.562500
vt 0.867188 0.625000
vt 0.859375 0.625000
vt 0.125000 0.562500
vt 0.132812 0.562500
vt 0.132812 0.625000
vt 0.125000 0.625000
vt 0.843750 0.562500
vt 0.843750 0.625000
vt 0.140625 0.562500
vt 0.140625 0.625000
vt 0.375000 0.062500
vt 0.500000 0.062500
vt 0.500000 0.125000
vt 0.375000 0.125000
vt 0.375000 0.562500
vt 0.500000 0.562500
vt 0.500000 0.625000
vt 0.375000 0.625000
vt 0.187500 0.562500
vt 0.218750 0.562500
vt 0.218750 0.625000
vt 0.187500 0.625000
vt 0.750000 0.562500
vt 0.781250 0.562500
vt 0.781250 0.625000
vt 0.750000 0.625000
vt 0.312500 0.562500
vt 0.343750 0.562500
vt 0.343750 0.625000
vt 0.312500 0.625000
vt 0.625000 0.562500
vt 0.656250 0.562500
vt 0.656250 0.625000
vt 0.625000 0.625000
vt 0.812500 0.562500
vt 0.812500 0.625000
vt 0.156250 0.562500
vt 0.156250 0.625000
vt 0.687500 0.562500
vt 0.718750 0.562500
vt 0.718750 0.625000
vt 0.687500 0.625000
vt 0.250000 0.562500
vt 0.281250 0.562500
vt 0.281250 0.625000
vt 0.250000 0.625000
vt 0.875000 0.562500
vt 0.875000 0.625000
vt 0.625000 0.062500
vt 0.625000 0.125000
vt 0.500000 0.000000
vt 0.625000 0.000000
vt 0.375000 0.000000
vt 0.343750 0.500000
vt 0.867188 0.500000
vt 0.875000 0.500000
vt 0.718750 0.500000
vt 0.750000 0.500000
vt 0.218750 0.500000
vt 0.250000 0.500000
vt 0.156250 0.500000
vt 0.187500 0.500000
vt 0.781250 0.500000
vt 0.812500 0.500000
vt 0.656250 0.500000
vt 0.687500 0.500000
vt 0.281250 0.500000
vt 0.312500 0.500000
vt 0.140625 0.500000
vt 0.843750 0.500000
vt 0.132812 0.500000
vt 0.859375 0.500000
vt 0.125000 0.500000
s 0
g Cube.005_Material.020
usemtl Material.020
f 418/205/277 416/206/277 305/207/277 339/208/277
f 353/209/278 330/210/278 309/211/278 340/212/278
f 408/213/279 393/214/279 307/215/279 341/216/279
f 364/217/280 363/218/280 303/219/280 338/220/280
f 405/221/281 414/222/281 306/223/281 331/224/281
f 412/225/282 413/226/282 303/227/282 363/228/282
f 401/229/283 394/230/283 313/231/283 323/232/283
f 407/233/284 395/234/284 312/235/284 335/236/284
f 349/237/285 323/238/285 313/239/285 342/240/285
f 355/241/286 334/242/286 311/243/286 343/244/286
f 350/245/287 328/246/287 316/247/287 344/248/287
f 402/249/288 396/250/288 317/251/288 329/252/288
f 406/253/289 397/254/289 315/255/289 337/256/289
f 354/257/290 337/258/290 315/259/290 345/260/290
f 352/261/291 333/262/291 321/263/291 346/264/291
f 404/265/292 398/266/292 321/267/292 333/268/292
f 400/269/293 399/270/293 319/271/293 325/272/293
f 348/273/294 324/274/294 318/275/294 347/276/294
f 343/244/295 311/243/295 324/274/295 348/273/295
f 395/234/296 400/269/296 325/272/296 312/235/296
f 346/264/297 321/263/297 323/238/297 349/237/297
f 398/266/298 401/229/298 323/232/298 321/267/298
f 409/277/299 402/249/299 329/252/299 359/278/299
f 360/279/300 358/280/300 328/246/300 350/245/300
f 397/254/301 403/281/301 327/282/301 315/255/301
f 345/260/302 315/259/302 327/283/302 351/284/302
f 393/214/303 404/265/303 333/268/303 307/215/303
f 341/216/304 307/215/304 333/262/304 352/261/304
f 399/270/305 405/221/305 331/224/305 319/271/305
f 347/276/306 318/275/306 330/210/306 353/209/306
f 342/240/307 313/239/307 337/258/307 354/257/307
f 394/230/308 406/253/308 337/256/308 313/231/308
f 344/248/309 316/247/309 334/242/309 355/241/309
f 396/250/310 407/233/310 335/236/310 317/251/310
f 314/285/311 344/248/311 355/241/311 336/286/311
f 312/287/312 342/240/312 354/257/312 335/288/312
f 320/289/313 347/276/313 353/209/313 332/290/313
f 306/223/314 341/216/314 352/261/314 331/291/314
f 317/292/315 345/260/315 351/284/315 329/293/315
f 356/294/316 360/279/316 350/245/316 326/295/316
f 319/296/317 346/264/317 349/237/317 325/297/317
f 310/298/318 343/244/318 348/273/318 322/299/318
f 322/299/319 348/273/319 347/276/319 320/289/319
f 331/291/320 352/261/320 346/264/320 319/296/320
f 335/288/321 354/257/321 345/260/321 317/292/321
f 326/295/322 350/245/322 344/248/322 314/285/322
f 336/286/323 355/241/323 343/244/323 310/298/323
f 325/297/324 349/237/324 342/240/324 312/287/324
f 366/300/325 364/217/325 338/220/325 302/301/325
f 414/222/326 408/213/326 341/216/326 306/223/326
f 332/290/327 353/209/327 340/212/327 308/302/327
f 419/303/328 418/205/328 339/208/328 304/304/328
f 329/293/329 351/284/329 361/305/329 359/306/329
f 362/307/330 367/308/330 360/279/330 356/294/330
f 367/308/331 365/309/331 358/280/331 360/279/331
f 411/310/332 409/277/332 359/278/332 366/311/332
f 403/281/333 410/312/333 357/313/333 327/282/333
f 351/284/334 327/283/334 357/314/334 361/305/334
f 392/315/335 411/310/335 366/311/335 302/316/335
f 339/208/336 305/207/336 365/309/336 367/308/336
f 304/304/337 339/208/337 367/308/337 362/307/337
f 359/306/338 361/305/338 364/217/338 366/300/338
f 410/312/339 412/225/339 363/228/339 357/313/339
f 361/305/340 357/314/340 363/218/340 364/217/340
f 437/317/341 439/318/341 391/319/341 389/320/341
f 419/321/342 438/322/342 390/323/342 368/324/342
f 430/325/343 437/317/343 389/320/343 381/326/343
f 438/322/344 436/327/344 388/328/344 390/323/344
f 392/329/345 415/330/345 387/331/345 368/332/345
f 417/333/346 435/334/346 386/335/346 370/336/346
f 423/337/347 434/338/347 385/339/347 374/340/347
f 421/341/348 433/342/348 384/343/348 372/344/348
f 426/345/349 432/346/349 383/347/349 377/348/349
f 420/349/350 431/350/350 382/351/350 371/352/350
f 424/353/351 430/325/351 381/326/351 375/354/351
f 436/327/352 429/355/352 380/356/352 388/328/352
f 425/357/353 428/358/353 379/359/353 376/360/353
f 422/361/354 427/362/354 378/363/354 373/364/354
f 427/362/355 426/345/355 377/348/355 378/363/355
f 431/350/356 425/357/356 376/360/356 382/351/356
f 433/342/357 424/353/357 375/354/357 384/343/357
f 429/355/358 423/337/358 374/340/358 380/356/358
f 434/338/359 422/361/359 373/364/359 385/339/359
f 428/358/360 421/341/360 372/344/360 379/359/360
f 439/318/361 416/365/361 369/366/361 391/319/361
f 432/346/362 417/333/362 370/336/362 383/347/362
f 435/334/363 420/349/363 371/352/363 386/335/363
f 415/330/364 413/367/364 369/368/364 387/331/364
f 338/369/365 303/370/365 413/367/365 415/330/365
f 302/371/366 338/369/366 415/330/366 392/329/366
f 389/320/367 391/319/367 412/225/367 410/312/367
f 368/324/342 390/323/342 411/310/342 392/315/342
f 381/326/368 389/320/368 410/312/368 403/281/368
f 390/323/344 388/328/344 409/277/344 411/310/344
f 370/336/369 386/335/369 408/213/369 414/222/369
f 374/340/347 385/339/347 407/233/347 396/250/347
f 372/344/370 384/343/370 406/253/370 394/230/370
f 377/348/349 383/347/349 405/221/349 399/270/349
f 371/352/371 382/351/371 404/265/371 393/214/371
f 375/354/372 381/326/372 403/281/372 397/254/372
f 388/328/352 380/356/352 402/249/352 409/277/352
f 376/360/373 379/359/373 401/229/373 398/266/373
f 373/364/354 378/363/354 400/269/354 395/234/354
f 378/363/355 377/348/355 399/270/355 400/269/355
f 382/351/374 376/360/374 398/266/374 404/265/374
f 384/343/375 375/354/375 397/254/375 406/253/375
f 380/356/358 374/340/358 396/250/358 402/249/358
f 385/339/359 373/364/359 395/234/359 407/233/359
f 379/359/376 372/344/376 394/230/376 401/229/376
f 391/319/377 369/366/377 413/226/377 412/225/377
f 383/347/362 370/336/362 414/222/362 405/221/362
f 386/335/378 371/352/378 393/214/378 408/213/378
f 340/212/379 309/211/379 420/349/379 435/334/379
f 332/372/380 308/302/380 417/333/380 432/346/380
f 365/373/381 305/374/381 416/365/381 439/318/381
f 324/375/382 311/376/382 421/341/382 428/358/382
f 336/377/383 310/378/383 422/361/383 434/338/383
f 326/379/384 314/380/384 423/337/384 429/355/384
f 334/381/385 316/382/385 424/353/385 433/342/385
f 330/383/386 318/384/386 425/357/386 431/350/386
f 322/385/387 320/386/387 426/345/387 427/362/387
f 310/378/388 322/385/388 427/362/388 422/361/388
f 318/384/389 324/375/389 428/358/389 425/357/389
f 356/387/390 326/379/390 429/355/390 436/327/390
f 316/382/391 328/388/391 430/325/391 424/353/391
f 309/211/392 330/383/392 431/350/392 420/349/392
f 320/386/393 332/372/393 432/346/393 426/345/393
f 311/376/394 334/381/394 433/342/394 421/341/394
f 314/380/395 336/377/395 434/338/395 423/337/395
f 308/302/396 340/212/396 435/334/396 417/333/396
f 362/389/397 356/387/397 436/327/397 438/322/397
f 328/388/398 358/390/398 437/317/398 430/325/398
f 304/391/399 362/389/399 438/322/399 419/321/399
f 358/390/400 365/373/400 439/318/400 437/317/400
f 368/332/345 387/331/345 418/205/345 419/303/345
f 387/331/401 369/368/401 416/206/401 418/205/401
o Cube.006
v -0.235917 1.587269 -0.360749
v -0.238095 1.799590 -0.349925
v -0.252211 1.575219 0.019371
v -0.249545 1.797172 0.025130
v -0.943339 0.617000 -0.361345
v -1.038442 0.705538 -0.361257
v -0.942165 0.613803 0.006484
v -1.037615 0.701812 0.006578
v -0.612057 1.169466 0.021244
v -0.849419 1.327987 0.023637
v -0.614481 1.179658 -0.380476
v -0.843196 1.345539 -0.380810
v -0.483603 1.332497 0.030442
v -0.683510 1.597246 -0.405817
v -0.695819 1.610256 0.022068
v -0.511581 1.345455 -0.397300
v -0.972558 0.967661 0.019982
v -0.765801 0.851261 -0.374878
v -0.761358 0.844321 0.019974
v -0.973047 0.974977 -0.374487
v -0.677115 1.010731 0.020792
v -0.914182 1.152220 -0.376382
v -0.916184 1.137194 0.020602
v -0.685021 1.021574 -0.376345
v -0.439046 1.420444 0.025984
v -0.500473 1.713137 -0.396286
v -0.512204 1.729149 0.011697
v -0.472991 1.396486 -0.412655
v -1.019802 0.809401 0.017003
v -0.860300 0.701045 -0.371715
v -0.858128 0.696673 0.016920
v -1.020634 0.814252 -0.371531
v -0.744385 1.517887 0.028255
v -0.535725 1.256934 -0.384225
v -0.547507 1.242272 0.026314
v -0.744994 1.525447 -0.391688
v -0.227616 1.695381 -0.360478
v -0.249824 1.688776 0.031211
v -0.992525 0.649112 0.014497
v -0.993534 0.652609 -0.369277
v -0.738387 1.263243 -0.406094
v -0.747172 1.246377 0.047427
v -0.604273 1.492549 0.059417
v -0.607588 1.488485 -0.433752
v -0.878509 0.917145 -0.400197
v -0.876259 0.908940 0.045492
v -0.810071 1.076014 0.046632
v -0.811091 1.088819 -0.401779
v -0.510714 1.587634 0.035130
v -0.496131 1.575985 -0.429285
v -0.944389 0.761814 -0.394149
v -0.942822 0.756671 0.039480
v -0.654390 1.414102 -0.418182
v -0.640300 1.397053 0.057716
v -0.429744 1.503781 0.005532
v -0.364760 1.770112 -0.380380
v -0.384359 1.778626 0.023466
v -0.410575 1.496991 -0.406796
v -0.395936 1.644587 0.040753
v -0.367589 1.637585 -0.415358
v -0.317376 1.548468 0.019230
v -0.283272 1.796021 -0.365812
v -0.277825 1.678050 -0.393810
v -0.294507 1.797092 0.030851
v -0.301389 1.555247 -0.384079
v -0.306690 1.675117 0.048165
v -0.202755 1.525409 -0.165466
v -0.222122 1.842925 -0.157790
v -0.971735 0.547235 -0.177445
v -1.063045 0.680768 -0.177274
v -0.895568 1.368470 -0.177301
v -0.553903 1.151183 -0.179971
v -0.482270 1.248653 -0.177500
v -0.730797 1.653775 -0.194240
v -1.022686 0.999310 -0.177099
v -0.687350 0.802509 -0.177557
v -0.599742 0.982535 -0.178224
v -0.964830 1.170275 -0.177170
v -0.390400 1.241399 -0.182846
v -0.501238 1.793297 -0.188499
v -1.067609 0.824526 -0.177158
v -0.810732 0.632487 -0.177419
v -0.789195 1.568067 -0.181588
v -0.459736 1.129755 -0.178127
v -1.018690 0.590692 -0.177376
v -0.204983 1.698622 -0.158292
v -0.421585 1.440323 -0.212710
v -0.370913 1.844761 -0.174099
v -0.306512 1.502566 -0.185422
v -0.285420 1.863775 -0.164916
v -0.198797 1.533178 -0.293703
v -1.059439 0.685836 -0.290591
v -0.887085 1.367123 -0.295028
v -0.546217 1.156863 -0.303299
v -0.486004 1.260736 -0.307021
v -0.716710 1.646808 -0.317542
v -1.016124 0.998136 -0.292294
v -0.688653 0.804105 -0.299289
v -0.601091 0.984196 -0.300464
v -0.957495 1.175563 -0.293135
v -0.401699 1.248881 -0.313053
v -0.498401 1.779398 -0.308215
v -1.061111 0.825106 -0.291813
v -0.811443 0.633687 -0.298922
v -0.784467 1.566319 -0.304488
v -0.446214 1.150575 -0.303133
v -1.015881 0.599773 -0.291930
v -0.420311 1.431623 -0.341295
v -0.367804 1.832627 -0.292845
v -0.300069 1.503581 -0.313240
v -0.285116 1.853527 -0.282384
v -0.229270 1.837255 -0.275505
v -0.972219 0.548403 -0.298883
v -0.200338 1.699396 -0.283064
v -0.226080 1.834675 -0.043873
v -0.971479 0.546422 -0.056072
v -0.214622 1.696022 -0.035503
v -0.209581 1.518001 -0.039691
v -1.058907 0.683525 -0.064021
v -0.891110 1.361260 -0.059904
v -0.536320 1.163872 -0.054927
v -0.483776 1.244928 -0.050619
v -0.739793 1.644209 -0.068589
v -1.016077 0.993579 -0.062017
v -0.684649 0.800198 -0.055765
v -0.591330 0.979154 -0.055525
v -0.959146 1.163892 -0.061852
v -0.388488 1.243396 -0.054956
v -0.503884 1.788813 -0.069675
v -1.060687 0.822082 -0.062583
v -0.809895 0.631262 -0.055945
v -0.785687 1.561500 -0.059814
v -0.461419 1.132735 -0.053063
v -1.015260 0.597758 -0.062869
v -0.427067 1.452423 -0.078556
v -0.369329 1.839889 -0.055835
v -0.305456 1.492350 -0.054352
v -0.278837 1.854796 -0.047605
vn 0.9079 0.0653 0.4140
vn -0.2935 -0.0649 0.9538
vn -0.7671 -0.4580 -0.4491
vn 0.4185 0.1843 -0.8893
vn 0.3992 -0.6165 -0.6787
vn 0.2196 0.8312 -0.5108
vn -0.8163 0.2917 -0.4986
vn 0.2337 -0.6261 -0.7439
vn -0.2000 0.0549 -0.9783
vn -0.1833 0.0711 0.9805
vn -0.0428 0.2135 0.9760
vn 0.0600 -0.6166 -0.7850
vn -0.6882 0.4883 -0.5366
vn -0.2880 0.0188 -0.9574
vn -0.2373 0.0576 -0.9697
vn -0.8445 0.2293 -0.4840
vn 0.5746 -0.2819 -0.7684
vn -0.2069 0.0702 0.9758
vn -0.1936 0.0591 0.9793
vn 0.6335 -0.2556 -0.7304
vn -0.2112 0.0667 -0.9752
vn -0.8210 0.2681 -0.5041
vn 0.8310 -0.1704 -0.5296
vn -0.1359 0.1497 0.9794
vn -0.4213 0.7221 -0.5487
vn -0.0981 0.2091 -0.9730
vn -0.9257 0.0428 -0.3759
vn -0.2957 -0.0629 -0.9532
vn 0.5427 -0.3760 -0.7511
vn -0.2322 0.0570 0.9710
vn -0.2108 0.0483 -0.9763
vn -0.7714 0.3813 -0.5094
vn -0.1964 0.1117 0.9741
vn 0.8401 0.0199 -0.5420
vn 0.1301 -0.1010 0.9863
vn 0.1019 -0.1410 -0.9847
vn 0.1623 -0.1180 0.9797
vn 0.0622 -0.2201 -0.9735
vn 0.0585 -0.1410 -0.9883
vn 0.2392 -0.1096 0.9648
vn 0.1644 -0.0800 -0.9832
vn 0.1569 -0.0647 0.9855
vn 0.1624 -0.0790 0.9836
vn 0.1635 -0.1154 -0.9798
vn 0.0500 -0.1940 -0.9797
vn 0.1997 0.0032 0.9799
vn 0.1011 -0.1452 0.9842
vn 0.1477 -0.0886 -0.9851
vn 0.4721 -0.1010 -0.8758
vn -0.5044 -0.5518 -0.6641
vn 0.0619 -0.2243 0.9725
vn 0.8463 -0.0216 0.5323
vn 0.1764 -0.0881 -0.9804
vn -0.0158 -0.2307 0.9729
vn -0.1205 0.1439 0.9822
vn 0.5018 -0.6714 -0.5454
vn -0.2551 0.7790 -0.5727
vn -0.0002 0.2444 -0.9697
vn 0.4069 -0.6665 -0.6247
vn 0.2052 0.0879 0.9748
vn 0.1908 -0.1744 0.9660
vn 0.2792 -0.1366 -0.9505
vn -0.1433 0.8081 -0.5714
vn 0.1089 0.2434 -0.9638
vn -0.1950 0.9787 0.0643
vn 0.2456 -0.9675 -0.0609
vn -0.3640 0.9307 0.0351
vn 0.3939 -0.9191 0.0131
vn 0.9994 0.0093 0.0343
vn -0.7231 -0.6901 0.0296
vn 0.9816 0.1905 0.0130
vn -0.8820 0.4678 0.0563
vn 0.8062 -0.5913 -0.0203
vn -0.9986 -0.0227 0.0485
vn -0.5210 0.8532 0.0242
vn 0.9856 0.1691 0.0043
vn -0.9457 0.3181 0.0672
vn 0.9576 -0.2736 -0.0902
vn 0.8918 -0.4495 -0.0510
vn -0.9661 0.2497 0.0658
vn -0.8492 0.5279 0.0156
vn -0.0472 -0.9989 -0.0067
vn -0.2975 -0.9515 0.0785
vn -0.9431 0.3271 0.0602
vn 0.3266 0.9428 0.0665
vn 0.4664 -0.8845 -0.0095
vn -0.8933 -0.4468 0.0489
vn 0.9868 0.1615 -0.0134
vn 0.9461 0.1745 -0.2729
vn 0.9125 -0.0062 -0.4089
vn -0.2193 0.9710 -0.0952
vn 0.2519 -0.9675 -0.0230
vn -0.3593 0.9267 -0.1101
vn 0.4877 -0.8720 0.0408
vn -0.7238 -0.6890 -0.0370
vn 0.9622 0.2628 0.0710
vn -0.8852 0.4620 -0.0545
vn 0.8103 -0.5859 -0.0135
vn -0.9987 -0.0222 -0.0448
vn -0.5135 0.8512 -0.1088
vn 0.9916 0.1234 -0.0390
vn -0.9472 0.3166 -0.0513
vn 0.9590 -0.2828 0.0163
vn 0.8991 -0.4374 -0.0156
vn -0.9667 0.2498 -0.0556
vn -0.7999 0.5945 -0.0822
vn -0.1119 -0.9914 -0.0682
vn -0.1392 -0.9834 -0.1168
vn -0.9399 0.3365 -0.0579
vn 0.3045 0.9497 -0.0731
vn 0.4683 -0.8835 -0.0109
vn -0.8937 -0.4456 -0.0528
vn -0.7667 -0.4621 0.4456
vn 0.3988 -0.6263 0.6699
vn 0.1766 0.8049 0.5665
vn -0.8124 0.2755 0.5139
vn 0.1735 -0.6966 0.6962
vn 0.3285 -0.4469 0.8321
vn -0.7238 0.4362 0.5347
vn -0.8394 0.2285 0.4931
vn 0.5746 -0.2978 0.7623
vn 0.6407 -0.2262 0.7337
vn -0.8139 0.2702 0.5144
vn 0.9814 0.1208 0.1494
vn -0.4518 0.7409 0.4969
vn -0.9237 0.0418 0.3809
vn 0.5437 -0.3889 0.7438
vn -0.7449 0.3954 0.5374
vn 0.7610 -0.1765 0.6243
vn -0.5041 -0.5569 0.6601
vn 0.1983 -0.8012 0.5645
vn -0.3479 0.7727 0.5310
vn 0.1698 -0.7137 0.6796
vn -0.1972 0.8008 0.5655
vn 0.9976 0.0185 0.0668
vn 0.9929 0.1021 0.0617
vt 0.768329 0.072605
vt 0.831223 0.069690
vt 0.814436 0.095259
vt 0.773983 0.108199
vt 0.817160 0.801342
vt 0.858701 0.790394
vt 0.849197 0.834974
vt 0.826433 0.848885
vt 0.203217 0.895382
vt 0.162864 0.872809
vt 0.181997 0.843282
vt 0.207492 0.854908
vt 0.208575 0.134153
vt 0.162571 0.114187
vt 0.167652 0.098594
vt 0.207499 0.109460
vt 0.294011 0.858660
vt 0.232205 0.897469
vt 0.230557 0.862970
vt 0.256623 0.821498
vt 0.131601 0.088612
vt 0.150328 0.074057
vt 0.083091 0.603740
vt 0.078638 0.483876
vt 0.143540 0.490605
vt 0.145583 0.605977
vt 0.435287 0.463590
vt 0.408844 0.515146
vt 0.331912 0.523082
vt 0.349980 0.439973
vt 0.222831 0.617289
vt 0.228968 0.506535
vt 0.763784 0.409392
vt 0.852571 0.376451
vt 0.858649 0.489863
vt 0.774761 0.511040
vt 0.763888 0.236384
vt 0.836947 0.191242
vt 0.846949 0.272478
vt 0.764577 0.316213
vt 0.416017 0.342320
vt 0.407501 0.395652
vt 0.331422 0.366729
vt 0.323974 0.294788
vt 0.078409 0.363211
vt 0.083381 0.251728
vt 0.143952 0.273526
vt 0.143482 0.376734
vt 0.233483 0.404292
vt 0.227392 0.312145
vt 0.211392 0.804576
vt 0.167003 0.797775
vt 0.151531 0.711889
vt 0.216306 0.721409
vt 0.121556 0.813548
vt 0.093727 0.714693
vt 0.387779 0.645540
vt 0.350960 0.760643
vt 0.288096 0.738634
vt 0.313391 0.633158
vt 0.789027 0.620112
vt 0.863860 0.603499
vt 0.865914 0.706814
vt 0.804270 0.721606
vt 0.352982 0.219323
vt 0.289771 0.210588
vt 0.771003 0.174101
vt 0.828291 0.140323
vt 0.098470 0.165600
vt 0.149960 0.193322
vt 0.223739 0.233591
vt 0.662370 0.378145
vt 0.648338 0.453485
vt 0.736202 0.745291
vt 0.775826 0.822447
vt 0.694978 0.217167
vt 0.665388 0.304773
vt 0.672776 0.534995
vt 0.701010 0.643006
vt 0.265617 0.151668
vt 0.254756 0.120528
vt 0.805576 0.859445
vt 0.694643 0.099893
vt 0.726406 0.122384
vt 0.213622 0.173265
vt 0.716510 0.155009
vt 0.774194 0.133645
vt 0.820297 0.110973
vt 0.312427 0.139418
vt 0.115270 0.116744
vt 0.156073 0.143183
vt 0.286216 0.096293
vt 0.868637 0.111526
vt 0.850775 0.083656
vt 0.891464 0.036660
vt 0.923154 0.071095
vt 0.666364 0.144399
vt 0.599420 0.100859
vt 0.644795 0.041893
vt 0.888015 0.160542
vt 0.955223 0.130170
vt 0.630757 0.231154
vt 0.551559 0.196736
vt 0.211143 0.075233
vt 0.218461 0.000139
vt 0.326258 0.044731
vt 0.809152 0.893496
vt 0.835806 0.886462
vt 0.856433 0.942346
vt 0.818320 0.954379
vt 0.587179 0.414916
vt 0.562460 0.481792
vt 0.499763 0.496373
vt 0.501539 0.408319
vt 0.922484 0.479709
vt 0.917110 0.359676
vt 0.995268 0.352065
vt 0.999861 0.476642
vt 0.676478 0.773629
vt 0.744454 0.862079
vt 0.704610 0.922784
vt 0.610763 0.814605
vt 0.870277 0.860359
vt 0.902845 0.800948
vt 0.969052 0.828826
vt 0.913071 0.908505
vt 0.907228 0.247483
vt 0.982600 0.230697
vt 0.574486 0.357049
vt 0.503019 0.351959
vt 0.921415 0.705080
vt 0.924567 0.597399
vt 0.999861 0.598189
vt 0.993512 0.713158
vt 0.594636 0.532818
vt 0.628592 0.661399
vt 0.554172 0.687832
vt 0.519053 0.555672
vt 0.862274 0.015434
vt 0.116857 0.021737
vt 0.059878 0.079545
vt 0.089207 0.044208
vt 0.374353 0.096003
vt 0.031242 0.138738
vt 0.423148 0.184547
vt 0.237522 0.969488
vt 0.190420 0.962424
vt 0.490831 0.390597
vt 0.499486 0.467739
vt 0.000139 0.484342
vt 0.000139 0.358829
vt 0.418547 0.792007
vt 0.343093 0.909195
vt 0.121949 0.931878
vt 0.052846 0.850192
vt 0.008402 0.238256
vt 0.484147 0.325222
vt 0.018493 0.728313
vt 0.005555 0.608764
vt 0.485850 0.531297
vt 0.460531 0.664042
vt 0.759766 0.000139
s 0
g Cube.006_Material.002
usemtl Material.002
f 556/392/402 554/393/402 443/394/402 477/395/402
f 491/396/403 468/397/403 447/398/403 478/399/403
f 546/400/404 531/401/404 445/402/404 479/403/404
f 502/404/405 501/405/405 441/406/405 476/407/405
f 543/408/406 552/409/406 444/410/406 469/411/406
f 550/412/407 551/413/407 441/406/407 501/405/407
f 539/414/408 532/415/408 451/416/408 461/417/408
f 545/418/409 533/419/409 450/420/409 473/421/409
f 487/422/410 461/417/410 451/416/410 480/423/410
f 493/424/411 472/425/411 449/426/411 481/427/411
f 488/428/412 466/429/412 454/430/412 482/431/412
f 540/432/413 534/433/413 455/434/413 467/435/413
f 544/436/414 535/437/414 453/438/414 475/439/414
f 492/440/415 475/439/415 453/438/415 483/441/415
f 490/442/416 471/443/416 459/444/416 484/445/416
f 542/446/417 536/447/417 459/444/417 471/443/417
f 538/448/418 537/449/418 457/450/418 463/451/418
f 486/452/419 462/453/419 456/454/419 485/455/419
f 481/427/420 449/426/420 462/453/420 486/452/420
f 533/419/421 538/448/421 463/451/421 450/420/421
f 484/445/422 459/444/422 461/417/422 487/422/422
f 536/447/423 539/414/423 461/417/423 459/444/423
f 547/456/424 540/432/424 467/435/424 497/457/424
f 498/458/425 496/459/425 466/429/425 488/428/425
f 535/437/426 541/460/426 465/461/426 453/438/426
f 483/441/427 453/438/427 465/461/427 489/462/427
f 531/401/428 542/446/428 471/443/428 445/402/428
f 479/403/429 445/402/429 471/443/429 490/442/429
f 537/449/430 543/408/430 469/411/430 457/450/430
f 485/455/431 456/454/431 468/397/431 491/396/431
f 480/423/432 451/416/432 475/439/432 492/440/432
f 532/415/433 544/436/433 475/439/433 451/416/433
f 482/431/434 454/430/434 472/425/434 493/424/434
f 534/433/435 545/418/435 473/421/435 455/434/435
f 452/463/436 482/431/436 493/424/436 474/464/436
f 450/420/437 480/423/437 492/440/437 473/421/437
f 458/465/438 485/455/438 491/396/438 470/466/438
f 444/410/439 479/403/439 490/442/439 469/411/439
f 455/434/440 483/441/440 489/462/440 467/435/440
f 494/467/441 498/458/441 488/428/441 464/468/441
f 457/450/442 484/445/442 487/422/442 463/451/442
f 448/469/443 481/427/443 486/452/443 460/470/443
f 460/470/444 486/452/444 485/455/444 458/465/444
f 469/411/445 490/442/445 484/445/445 457/450/445
f 473/421/446 492/440/446 483/441/446 455/434/446
f 464/468/447 488/428/447 482/431/447 452/463/447
f 474/464/448 493/424/448 481/427/448 448/469/448
f 463/451/449 487/422/449 480/423/449 450/420/449
f 504/471/450 502/404/450 476/407/450 440/472/450
f 552/409/451 546/400/451 479/403/451 444/410/451
f 470/466/452 491/396/452 478/399/452 446/473/452
f 557/474/453 556/392/453 477/395/453 442/475/453
f 467/435/454 489/462/454 499/476/454 497/457/454
f 500/477/455 505/478/455 498/458/455 494/467/455
f 505/478/456 503/479/456 496/459/456 498/458/456
f 549/480/457 547/456/457 497/457/457 504/471/457
f 541/460/458 548/481/458 495/482/458 465/461/458
f 489/462/459 465/461/459 495/482/459 499/476/459
f 530/483/460 549/480/460 504/471/460 440/472/460
f 477/395/461 443/394/461 503/479/461 505/478/461
f 442/475/462 477/395/462 505/478/462 500/477/462
f 497/457/463 499/476/463 502/404/463 504/471/463
f 548/481/464 550/412/464 501/405/464 495/482/464
f 499/476/465 495/482/465 501/405/465 502/404/465
f 575/484/466 577/485/466 529/486/466 527/487/466
f 557/474/467 576/488/467 528/489/467 506/490/467
f 568/491/468 575/484/468 527/487/468 519/492/468
f 576/488/469 574/493/469 526/494/469 528/489/469
f 530/483/470 553/495/470 525/496/470 506/497/470
f 555/498/471 573/499/471 524/500/471 508/501/471
f 561/502/472 572/503/472 523/504/472 512/505/472
f 559/506/473 571/507/473 522/508/473 510/509/473
f 564/510/474 570/511/474 521/512/474 515/513/474
f 558/514/475 569/515/475 520/516/475 509/517/475
f 562/518/476 568/491/476 519/492/476 513/519/476
f 574/493/477 567/520/477 518/521/477 526/494/477
f 563/522/478 566/523/478 517/524/478 514/525/478
f 560/526/479 565/527/479 516/528/479 511/529/479
f 565/527/480 564/510/480 515/513/480 516/528/480
f 569/515/481 563/522/481 514/525/481 520/516/481
f 571/507/482 562/518/482 513/519/482 522/508/482
f 567/520/483 561/502/483 512/505/483 518/521/483
f 572/503/484 560/526/484 511/529/484 523/504/484
f 566/523/485 559/506/485 510/509/485 517/524/485
f 577/485/486 554/393/486 507/530/486 529/486/486
f 570/511/487 555/498/487 508/501/487 521/512/487
f 573/499/488 558/514/488 509/517/488 524/500/488
f 553/495/489 551/413/489 507/531/489 525/496/489
f 476/407/490 441/406/490 551/413/490 553/495/490
f 440/472/491 476/407/491 553/495/491 530/483/491
f 527/532/492 529/533/492 550/412/492 548/481/492
f 506/497/493 528/534/493 549/480/493 530/483/493
f 519/535/494 527/532/494 548/481/494 541/460/494
f 528/534/495 526/536/495 547/456/495 549/480/495
f 508/537/496 524/538/496 546/400/496 552/409/496
f 512/539/497 523/540/497 545/418/497 534/433/497
f 510/541/498 522/542/498 544/436/498 532/415/498
f 515/543/499 521/544/499 543/408/499 537/449/499
f 509/545/500 520/546/500 542/446/500 531/401/500
f 513/547/501 519/535/501 541/460/501 535/437/501
f 526/536/502 518/548/502 540/432/502 547/456/502
f 514/549/503 517/550/503 539/414/503 536/447/503
f 511/551/504 516/552/504 538/448/504 533/419/504
f 516/552/505 515/543/505 537/449/505 538/448/505
f 520/546/506 514/549/506 536/447/506 542/446/506
f 522/542/507 513/547/507 535/437/507 544/436/507
f 518/548/508 512/539/508 534/433/508 540/432/508
f 523/540/509 511/551/509 533/419/509 545/418/509
f 517/550/510 510/541/510 532/415/510 539/414/510
f 529/533/511 507/531/511 551/413/511 550/412/511
f 521/544/512 508/537/512 552/409/512 543/408/512
f 524/538/513 509/545/513 531/401/513 546/400/513
f 478/399/514 447/398/514 558/514/514 573/499/514
f 470/466/515 446/473/515 555/498/515 570/511/515
f 503/479/516 443/394/516 554/393/516 577/485/516
f 462/453/517 449/426/517 559/506/517 566/523/517
f 474/464/518 448/469/518 560/526/518 572/503/518
f 464/468/519 452/463/519 561/502/519 567/520/519
f 472/425/520 454/430/520 562/518/520 571/507/520
f 468/397/521 456/454/521 563/522/521 569/515/521
f 460/470/522 458/465/522 564/510/522 565/527/522
f 448/469/523 460/470/523 565/527/523 560/526/523
f 456/454/524 462/453/524 566/523/524 563/522/524
f 494/467/525 464/468/525 567/520/525 574/493/525
f 454/430/526 466/429/526 568/491/526 562/518/526
f 447/398/527 468/397/527 569/515/527 558/514/527
f 458/465/528 470/466/528 570/511/528 564/510/528
f 449/426/529 472/425/529 571/507/529 559/506/529
f 452/463/530 474/464/530 572/503/530 561/502/530
f 446/473/531 478/399/531 573/499/531 555/498/531
f 500/477/532 494/467/532 574/493/532 576/488/532
f 466/429/533 496/459/533 575/484/533 568/491/533
f 442/475/534 500/477/534 576/488/534 557/474/534
f 496/459/535 503/479/535 577/485/535 575/484/535
f 506/490/536 525/553/536 556/392/536 557/474/536
f 525/553/537 507/530/537 554/393/537 556/392/537
o Cube.008
v -0.224633 2.284389 0.095049
v -0.185927 2.920996 0.076647
v -0.008255 2.327057 -0.521197
v -0.011181 2.992404 -0.414178
v 0.359610 2.259021 0.297420
v 0.401642 2.887285 0.280284
v 0.575989 2.301689 -0.318827
v 0.576388 2.958693 -0.210541
v -0.095543 2.272148 -0.415443
v -0.182259 2.236778 -0.240042
v -0.224986 2.247569 -0.046615
v -0.274247 2.412099 0.118493
v -0.290904 2.599680 0.124255
v -0.250303 2.789276 0.104333
v -0.191503 2.985323 -0.036424
v -0.161132 3.032120 -0.186283
v -0.088891 3.028425 -0.324420
v -0.039630 2.863895 -0.489528
v -0.052487 2.669217 -0.550580
v -0.036743 2.468195 -0.556200
v 0.632812 2.827358 -0.256505
v 0.661812 2.633204 -0.303091
v 0.633555 2.437035 -0.323993
v 0.444047 2.219583 0.185111
v 0.529330 2.207563 0.006416
v 0.573490 2.244163 -0.183718
v 0.584816 2.988713 -0.090915
v 0.555877 2.989308 0.062238
v 0.482204 2.945611 0.197082
v 0.422139 2.752739 0.337357
v 0.423395 2.563667 0.371744
v 0.396051 2.380939 0.350701
v 0.474198 2.261028 -0.416358
v 0.309705 2.245230 -0.505328
v 0.127651 2.275865 -0.536392
v 0.273585 2.934134 0.269825
v 0.095125 2.964237 0.224297
v -0.075104 2.954348 0.148975
v 0.119727 3.039902 -0.397164
v 0.299620 3.057191 -0.348343
v 0.468417 3.019688 -0.276314
v -0.125694 2.230704 0.186025
v 0.037365 2.199111 0.271702
v 0.220852 2.215867 0.306059
v -0.312311 2.415811 -0.065949
v -0.337774 2.620536 -0.063727
v -0.294678 2.824075 -0.058853
v -0.278207 2.421723 -0.262749
v -0.306418 2.641241 -0.259841
v -0.267042 2.857351 -0.233515
v -0.181779 2.447131 -0.436668
v -0.207475 2.658539 -0.432537
v -0.177895 2.864887 -0.388152
v 0.509667 2.859420 -0.384185
v 0.533540 2.651195 -0.454559
v 0.516844 2.437945 -0.473332
v 0.333203 2.884562 -0.472087
v 0.349630 2.664325 -0.554115
v 0.343498 2.437509 -0.572290
v 0.138641 2.879476 -0.512756
v 0.143161 2.670877 -0.589817
v 0.146916 2.455246 -0.601486
v 0.670856 2.408089 -0.141304
v 0.708682 2.612348 -0.115109
v 0.677949 2.817793 -0.091565
v 0.636087 2.380207 0.053970
v 0.677326 2.591643 0.081005
v 0.650978 2.806487 0.084623
v 0.540324 2.376769 0.229415
v 0.578383 2.574345 0.253702
v 0.561167 2.776981 0.237733
v 0.058638 2.163352 -0.391320
v 0.246978 2.121703 -0.344089
v 0.427510 2.148700 -0.263569
v -0.024090 2.118255 -0.191829
v 0.169040 2.073445 -0.127147
v 0.364425 2.103247 -0.057281
v -0.085109 2.141155 0.019209
v 0.093357 2.099799 0.094980
v 0.283763 2.126503 0.146961
v 0.437532 3.101572 -0.136913
v 0.254230 3.149184 -0.203557
v 0.065451 3.124276 -0.265886
v 0.396862 3.109955 0.013702
v 0.201869 3.159439 -0.051689
v 0.004620 3.134311 -0.122265
v 0.333965 3.051638 0.152575
v 0.147252 3.095082 0.094994
v -0.038117 3.074342 0.023601
v 0.244630 2.762392 0.362338
v 0.050732 2.779276 0.323195
v -0.126396 2.782448 0.233766
v 0.227747 2.562007 0.410981
v 0.021278 2.568558 0.375279
v -0.162632 2.581689 0.275723
v 0.211628 2.368654 0.394233
v 0.014383 2.364421 0.363510
v -0.158299 2.385954 0.266080
vn -0.9777 -0.1216 -0.1711
vn -0.9717 0.2003 -0.1254
vn -0.8615 -0.0996 -0.4979
vn -0.8532 0.2185 -0.4737
vn -0.8968 -0.4170 0.1480
vn -0.9707 -0.1086 0.2142
vn -0.9376 0.2102 0.2769
vn -0.8203 0.4749 0.3187
vn -0.8470 0.5312 -0.0203
vn -0.7330 0.5525 -0.3968
vn -0.5101 0.5284 -0.6787
vn -0.5835 0.2637 -0.7681
vn -0.6174 -0.0435 -0.7855
vn -0.5930 -0.3446 -0.7277
vn -0.7601 -0.4428 -0.4756
vn -0.8673 -0.4697 -0.1649
vn 0.4625 0.3354 -0.8207
vn 0.4865 0.0480 -0.8724
vn 0.1765 0.3499 -0.9200
vn 0.1625 0.0655 -0.9845
vn 0.6634 0.5107 -0.5469
vn 0.7383 0.2759 -0.6155
vn 0.7744 -0.0238 -0.6322
vn 0.7285 -0.3509 -0.5883
vn 0.4656 -0.3668 -0.8054
vn 0.1042 -0.3462 -0.9324
vn -0.2346 -0.2959 -0.9259
vn -0.2165 0.0304 -0.9758
vn -0.1704 0.3224 -0.9311
vn -0.1287 0.5497 -0.8254
vn 0.1536 0.5925 -0.7908
vn 0.4268 0.5792 -0.6945
vn 0.9695 -0.2022 0.1387
vn 0.9789 0.1224 0.1639
vn 0.8562 -0.2244 0.4655
vn 0.8540 0.1042 0.5097
vn 0.8783 -0.4282 -0.2127
vn 0.9628 -0.1311 -0.2362
vn 0.9549 0.1837 -0.2331
vn 0.8665 0.4590 -0.1961
vn 0.8669 0.4713 0.1625
vn 0.7218 0.4516 0.5246
vn 0.4883 0.4087 0.7711
vn 0.5798 0.1307 0.8042
vn 0.6150 -0.1968 0.7636
vn 0.5707 -0.4993 0.6519
vn 0.7327 -0.5591 0.3881
vn 0.8420 -0.5329 0.0833
vn -0.1378 -0.9538 -0.2670
vn 0.2047 -0.9679 -0.1461
vn -0.2383 -0.9705 0.0351
vn 0.0968 -0.9839 0.1500
vn -0.3469 -0.6658 -0.6606
vn -0.0233 -0.7870 -0.6165
vn 0.3389 -0.8052 -0.4866
vn 0.6208 -0.7170 -0.3170
vn 0.5485 -0.8358 -0.0246
vn 0.4370 -0.8585 0.2685
vn 0.3048 -0.7857 0.5383
vn -0.0109 -0.8734 0.4869
vn -0.3582 -0.8570 0.3705
vn -0.6384 -0.7379 0.2190
vn -0.5804 -0.8103 -0.0814
vn -0.4824 -0.7859 -0.3867
vn 0.2436 0.9698 0.0152
vn -0.0927 0.9903 -0.1035
vn 0.0837 0.9026 0.4222
vn -0.2276 0.9212 0.3157
vn 0.6194 0.7388 -0.2655
vn 0.3644 0.8347 -0.4129
vn 0.0600 0.8509 -0.5219
vn -0.2425 0.7838 -0.5717
vn -0.4387 0.8634 -0.2493
vn -0.5522 0.8184 0.1590
vn -0.5528 0.6930 0.4628
vn -0.3138 0.7291 0.6083
vn -0.0526 0.7155 0.6967
vn 0.2170 0.6531 0.7255
vn 0.4153 0.7650 0.4923
vn 0.5811 0.8065 0.1093
vn -0.1635 0.2521 0.9538
vn -0.4376 0.2662 0.8589
vn -0.1624 -0.0613 0.9848
vn -0.4863 -0.0436 0.8727
vn 0.1225 0.4328 0.8931
vn -0.1341 0.4898 0.8614
vn -0.3786 0.5018 0.7777
vn -0.6056 0.4689 0.6429
vn -0.7107 0.2445 0.6596
vn -0.7776 -0.0677 0.6251
vn -0.7417 -0.4097 0.5310
vn -0.4777 -0.4780 0.7371
vn -0.1194 -0.4981 0.8589
vn 0.2182 -0.4638 0.8587
vn 0.2155 -0.1223 0.9688
vn 0.1703 0.1989 0.9651
vt 0.437500 0.062500
vt 0.500000 0.062500
vt 0.500000 0.125000
vt 0.437500 0.125000
vt 0.562500 0.062500
vt 0.562500 0.125000
vt 0.500000 0.187500
vt 0.437500 0.187500
vt 0.562500 0.187500
vt 0.375000 0.000000
vt 0.437500 0.000000
vt 0.375000 0.062500
vt 0.500000 0.000000
vt 0.562500 0.000000
vt 0.625000 0.000000
vt 0.625000 0.062500
vt 0.625000 0.125000
vt 0.625000 0.187500
vt 0.625000 0.250000
vt 0.562500 0.250000
vt 0.500000 0.250000
vt 0.437500 0.250000
vt 0.375000 0.187500
vt 0.375000 0.250000
vt 0.375000 0.125000
vt 0.562500 0.437500
vt 0.500000 0.437500
vt 0.500000 0.375000
vt 0.562500 0.375000
vt 0.437500 0.437500
vt 0.437500 0.375000
vt 0.500000 0.312500
vt 0.562500 0.312500
vt 0.437500 0.312500
vt 0.625000 0.500000
vt 0.562500 0.500000
vt 0.625000 0.437500
vt 0.500000 0.500000
vt 0.437500 0.500000
vt 0.375000 0.500000
vt 0.375000 0.437500
vt 0.375000 0.375000
vt 0.375000 0.312500
vt 0.437500 0.250000
vt 0.500000 0.250000
vt 0.562500 0.250000
vt 0.625000 0.312500
vt 0.625000 0.375000
vt 0.437500 0.562500
vt 0.500000 0.562500
vt 0.500000 0.625000
vt 0.437500 0.625000
vt 0.562500 0.562500
vt 0.562500 0.625000
vt 0.500000 0.687500
vt 0.437500 0.687500
vt 0.562500 0.687500
vt 0.437500 0.500000
vt 0.375000 0.562500
vt 0.500000 0.500000
vt 0.562500 0.500000
vt 0.625000 0.562500
vt 0.625000 0.625000
vt 0.625000 0.687500
vt 0.625000 0.750000
vt 0.562500 0.750000
vt 0.500000 0.750000
vt 0.437500 0.750000
vt 0.375000 0.687500
vt 0.375000 0.750000
vt 0.375000 0.625000
vt 0.187500 0.562500
vt 0.250000 0.562500
vt 0.250000 0.625000
vt 0.187500 0.625000
vt 0.312500 0.562500
vt 0.312500 0.625000
vt 0.250000 0.687500
vt 0.187500 0.687500
vt 0.312500 0.687500
vt 0.125000 0.500000
vt 0.187500 0.500000
vt 0.125000 0.562500
vt 0.250000 0.500000
vt 0.312500 0.500000
vt 0.312500 0.750000
vt 0.250000 0.750000
vt 0.187500 0.750000
vt 0.125000 0.687500
vt 0.125000 0.750000
vt 0.125000 0.625000
vt 0.687500 0.562500
vt 0.750000 0.562500
vt 0.750000 0.625000
vt 0.687500 0.625000
vt 0.812500 0.562500
vt 0.812500 0.625000
vt 0.750000 0.687500
vt 0.687500 0.687500
vt 0.812500 0.687500
vt 0.687500 0.500000
vt 0.750000 0.500000
vt 0.812500 0.500000
vt 0.875000 0.500000
vt 0.875000 0.562500
vt 0.875000 0.625000
vt 0.875000 0.687500
vt 0.875000 0.750000
vt 0.812500 0.750000
vt 0.750000 0.750000
vt 0.687500 0.750000
vt 0.562500 0.812500
vt 0.562500 0.875000
vt 0.500000 0.875000
vt 0.500000 0.812500
vt 0.562500 0.937500
vt 0.500000 0.937500
vt 0.437500 0.875000
vt 0.437500 0.812500
vt 0.437500 0.937500
vt 0.625000 0.812500
vt 0.562500 0.750000
vt 0.625000 0.875000
vt 0.625000 0.937500
vt 0.625000 1.000000
vt 0.562500 1.000000
vt 0.500000 1.000000
vt 0.437500 1.000000
vt 0.375000 1.000000
vt 0.375000 0.937500
vt 0.375000 0.875000
vt 0.375000 0.812500
vt 0.437500 0.750000
vt 0.500000 0.750000
s 0
g Cube.008_Material.015
usemtl Material.015
f 622/554/538 623/555/538 626/556/538 625/557/538
f 623/555/539 624/558/539 627/559/539 626/556/539
f 625/557/540 626/556/540 629/560/540 628/561/540
f 626/556/541 627/559/541 630/562/541 629/560/541
f 578/563/542 589/564/542 622/554/542 588/565/542
f 589/564/543 590/566/543 623/555/543 622/554/543
f 590/566/544 591/567/544 624/558/544 623/555/544
f 591/567/545 579/568/545 592/569/545 624/558/545
f 624/558/546 592/569/546 593/570/546 627/559/546
f 627/559/547 593/570/547 594/571/547 630/562/547
f 630/562/548 594/571/548 581/572/548 595/573/548
f 629/560/549 630/562/549 595/573/549 596/574/549
f 628/561/550 629/560/550 596/574/550 597/575/550
f 586/576/551 628/561/551 597/575/551 580/577/551
f 587/578/552 625/557/552 628/561/552 586/576/552
f 588/565/553 622/554/553 625/557/553 587/578/553
f 631/579/554 632/580/554 635/581/554 634/582/554
f 632/580/555 633/583/555 636/584/555 635/581/555
f 634/582/556 635/581/556 638/585/556 637/586/556
f 635/581/557 636/584/557 639/587/557 638/585/557
f 585/588/558 598/589/558 631/579/558 618/590/558
f 598/589/559 599/591/559 632/580/559 631/579/559
f 599/591/560 600/592/560 633/583/560 632/580/560
f 600/592/561 584/593/561 610/594/561 633/583/561
f 633/583/562 610/594/562 611/595/562 636/584/562
f 636/584/563 611/595/563 612/596/563 639/587/563
f 639/587/564 612/596/564 580/577/564 597/597/564
f 638/585/565 639/587/565 597/597/565 596/598/565
f 637/586/566 638/585/566 596/598/566 595/599/566
f 616/600/567 637/586/567 595/599/567 581/572/567
f 617/601/568 634/582/568 637/586/568 616/600/568
f 618/590/569 631/579/569 634/582/569 617/601/569
f 640/602/570 641/603/570 644/604/570 643/605/570
f 641/603/571 642/606/571 645/607/571 644/604/571
f 643/605/572 644/604/572 647/608/572 646/609/572
f 644/604/573 645/607/573 648/610/573 647/608/573
f 584/593/574 600/611/574 640/602/574 603/612/574
f 600/611/575 599/613/575 641/603/575 640/602/575
f 599/613/576 598/614/576 642/606/576 641/603/576
f 598/614/577 585/588/577 604/615/577 642/606/577
f 642/606/578 604/615/578 605/616/578 645/607/578
f 645/607/579 605/616/579 606/617/579 648/610/579
f 648/610/580 606/617/580 583/618/580 607/619/580
f 647/608/581 648/610/581 607/619/581 608/620/581
f 646/609/582 647/608/582 608/620/582 609/621/582
f 601/622/583 646/609/583 609/621/583 582/623/583
f 602/624/584 643/605/584 646/609/584 601/622/584
f 603/612/585 640/602/585 643/605/585 602/624/585
f 649/625/586 650/626/586 653/627/586 652/628/586
f 650/626/587 651/629/587 654/630/587 653/627/587
f 652/628/588 653/627/588 656/631/588 655/632/588
f 653/627/589 654/630/589 657/633/589 656/631/589
f 580/634/590 612/635/590 649/625/590 586/636/590
f 612/635/591 611/637/591 650/626/591 649/625/591
f 611/637/592 610/638/592 651/629/592 650/626/592
f 610/638/593 584/593/593 603/612/593 651/629/593
f 651/629/594 603/612/594 602/624/594 654/630/594
f 654/630/595 602/624/595 601/622/595 657/633/595
f 657/633/596 601/622/596 582/623/596 621/639/596
f 656/631/597 657/633/597 621/639/597 620/640/597
f 655/632/598 656/631/598 620/640/598 619/641/598
f 588/642/599 655/632/599 619/641/599 578/643/599
f 587/644/600 652/628/600 655/632/600 588/642/600
f 586/636/601 649/625/601 652/628/601 587/644/601
f 658/645/602 659/646/602 662/647/602 661/648/602
f 659/646/603 660/649/603 663/650/603 662/647/603
f 661/648/604 662/647/604 665/651/604 664/652/604
f 662/647/605 663/650/605 666/653/605 665/651/605
f 585/588/606 618/654/606 658/645/606 604/615/606
f 618/654/607 617/655/607 659/646/607 658/645/607
f 617/655/608 616/656/608 660/649/608 659/646/608
f 616/656/609 581/657/609 594/658/609 660/649/609
f 660/649/610 594/658/610 593/659/610 663/650/610
f 663/650/611 593/659/611 592/660/611 666/653/611
f 666/653/612 592/660/612 579/661/612 615/662/612
f 665/651/613 666/653/613 615/662/613 614/663/613
f 664/652/614 665/651/614 614/663/614 613/664/614
f 606/617/615 664/652/615 613/664/615 583/618/615
f 605/616/616 661/648/616 664/652/616 606/617/616
f 604/615/617 658/645/617 661/648/617 605/616/617
f 667/665/618 668/666/618 671/667/618 670/668/618
f 668/666/619 669/669/619 672/670/619 671/667/619
f 670/668/620 671/667/620 674/671/620 673/672/620
f 671/667/621 672/670/621 675/673/621 674/671/621
f 583/618/622 613/674/622 667/665/622 607/675/622
f 613/674/623 614/676/623 668/666/623 667/665/623
f 614/676/624 615/677/624 669/669/624 668/666/624
f 615/677/625 579/678/625 591/679/625 669/669/625
f 669/669/626 591/679/626 590/680/626 672/670/626
f 672/670/627 590/680/627 589/681/627 675/673/627
f 675/673/628 589/681/628 578/682/628 619/683/628
f 674/671/629 675/673/629 619/683/629 620/684/629
f 673/672/630 674/671/630 620/684/630 621/685/630
f 609/686/631 673/672/631 621/685/631 582/623/631
f 608/687/632 670/668/632 673/672/632 609/686/632
f 607/675/633 667/665/633 670/668/633 608/687/633
o Cube.009
v 0.116173 2.200298 -0.362603
v 0.132744 2.468726 -0.360623
v 0.254890 2.194694 -0.763780
v 0.271461 2.463121 -0.761800
v 0.387162 2.182876 -0.268659
v 0.403734 2.451303 -0.266678
v 0.525879 2.177272 -0.669836
v 0.542450 2.445699 -0.667856
v 0.154024 2.169994 -0.573702
v 0.079568 2.337035 -0.327950
v 0.174227 2.497243 -0.571288
v 0.248683 2.330203 -0.817040
v 0.403768 2.155958 -0.760981
v 0.423970 2.483207 -0.758567
v 0.579055 2.308962 -0.702509
v 0.484397 2.148754 -0.459171
v 0.504599 2.476003 -0.456757
v 0.409941 2.315795 -0.213419
v 0.234653 2.162790 -0.271892
v 0.254856 2.490039 -0.269478
v 0.101815 2.337625 -0.594096
v 0.445765 2.318294 -0.852020
v 0.556809 2.308372 -0.436362
v 0.212858 2.327703 -0.178439
v 0.315400 2.097652 -0.516892
v 0.343223 2.548345 -0.513567
vn -0.9561 -0.2742 -0.1033
vn -0.9150 0.3912 -0.0984
vn -0.7771 0.3856 -0.4975
vn -0.8181 -0.2797 -0.5024
vn -0.1445 -0.4173 -0.8972
vn -0.0913 0.4451 -0.8908
vn 0.6714 0.3960 -0.6264
vn 0.6181 -0.4663 -0.6328
vn 0.9150 -0.3912 0.0984
vn 0.9561 0.2742 0.1033
vn 0.8181 0.2797 0.5024
vn 0.7771 -0.3856 0.4975
vn 0.0913 -0.4451 0.8908
vn 0.1445 0.4173 0.8972
vn -0.6181 0.4663 0.6328
vn -0.6714 -0.3960 0.6264
vn -0.2717 -0.9165 -0.2936
vn 0.2879 -0.9525 -0.0996
vn 0.1567 -0.9472 0.2799
vn -0.4029 -0.9112 0.0859
vn 0.4029 0.9112 -0.0859
vn -0.1567 0.9472 -0.2799
vn -0.2879 0.9525 0.0996
vn 0.2717 0.9165 0.2936
vt 0.375000 0.000000
vt 0.500000 0.000000
vt 0.500000 0.125000
vt 0.375000 0.125000
vt 0.625000 0.000000
vt 0.625000 0.125000
vt 0.625000 0.250000
vt 0.500000 0.250000
vt 0.375000 0.250000
vt 0.500000 0.375000
vt 0.375000 0.375000
vt 0.625000 0.375000
vt 0.625000 0.500000
vt 0.500000 0.500000
vt 0.375000 0.500000
vt 0.500000 0.625000
vt 0.375000 0.625000
vt 0.625000 0.625000
vt 0.625000 0.750000
vt 0.500000 0.750000
vt 0.375000 0.750000
vt 0.500000 0.875000
vt 0.375000 0.875000
vt 0.625000 0.875000
vt 0.625000 1.000000
vt 0.500000 1.000000
vt 0.375000 1.000000
vt 0.125000 0.500000
vt 0.250000 0.500000
vt 0.250000 0.625000
vt 0.125000 0.625000
vt 0.250000 0.750000
vt 0.125000 0.750000
vt 0.750000 0.500000
vt 0.750000 0.625000
vt 0.875000 0.500000
vt 0.875000 0.625000
vt 0.875000 0.750000
vt 0.750000 0.750000
s 0
g Cube.009_Material.014
usemtl Material.014
f 676/688/634 685/689/634 696/690/634 684/691/634
f 685/689/635 677/692/635 686/693/635 696/690/635
f 696/690/636 686/693/636 679/694/636 687/695/636
f 684/691/637 696/690/637 687/695/637 678/696/637
f 678/696/638 687/695/638 697/697/638 688/698/638
f 687/695/639 679/694/639 689/699/639 697/697/639
f 697/697/640 689/699/640 683/700/640 690/701/640
f 688/698/641 697/697/641 690/701/641 682/702/641
f 682/702/642 690/701/642 698/703/642 691/704/642
f 690/701/643 683/700/643 692/705/643 698/703/643
f 698/703/644 692/705/644 681/706/644 693/707/644
f 691/704/645 698/703/645 693/707/645 680/708/645
f 680/708/646 693/707/646 699/709/646 694/710/646
f 693/707/647 681/706/647 695/711/647 699/709/647
f 699/709/648 695/711/648 677/712/648 685/713/648
f 694/710/649 699/709/649 685/713/649 676/714/649
f 678/715/650 688/716/650 700/717/650 684/718/650
f 688/716/651 682/702/651 691/704/651 700/717/651
f 700/717/652 691/704/652 680/708/652 694/719/652
f 684/718/653 700/717/653 694/719/653 676/720/653
f 683/700/654 689/721/654 701/722/654 692/705/654
f 689/721/655 679/723/655 686/724/655 701/722/655
f 701/722/656 686/724/656 677/725/656 695/726/656
f 692/705/657 701/722/657 695/726/657 681/706/657
o Cube.010
v -0.225947 0.588852 0.120897
v -0.226144 1.793476 0.176841
v -0.223619 0.561959 -0.528927
v -0.222177 1.811822 -0.434407
v 0.402586 0.589557 0.122432
v 0.362307 1.796504 0.176913
v 0.403405 0.562101 -0.525328
v 0.364034 1.814697 -0.433669
v -0.295628 0.441045 -0.212752
v -0.292688 1.191150 0.218819
v -0.272856 1.941132 -0.135693
v -0.288987 1.186306 -0.551166
v 0.092100 0.419774 -0.610192
v 0.106545 1.952321 -0.481431
v 0.450252 1.188030 -0.548099
v 0.478096 0.441002 -0.209036
v 0.422450 1.939801 -0.117064
v 0.449011 1.193792 0.218522
v 0.090368 0.462273 0.188403
v 0.065422 1.922625 0.249089
v -0.430496 1.188317 -0.166435
v 0.081099 1.186168 -0.694541
v 0.589290 1.191323 -0.164528
v 0.077695 1.193471 0.363578
v 0.095699 0.158566 -0.228025
v 0.071742 2.220242 -0.100101
vn -0.9361 -0.1726 0.3064
vn -0.9459 0.1588 0.2831
vn -0.9363 0.1844 -0.2987
vn -0.9418 -0.1321 -0.3093
vn -0.3268 -0.0900 -0.9408
vn -0.2996 0.2388 -0.9237
vn 0.3332 0.2296 -0.9145
vn 0.3361 -0.0808 -0.9383
vn 0.9462 -0.1038 -0.3064
vn 0.9311 0.2067 -0.3005
vn 0.9338 0.1739 0.3126
vn 0.9389 -0.1418 0.3135
vn 0.3225 -0.1962 0.9260
vn 0.3291 0.1340 0.9347
vn -0.3312 0.1234 0.9355
vn -0.3231 -0.2083 0.9232
vn -0.5038 -0.7361 -0.4521
vn 0.5135 -0.7272 -0.4556
vn 0.4662 -0.7338 0.4941
vn -0.4641 -0.7408 0.4857
vn 0.5259 0.7334 -0.4308
vn -0.4673 0.7366 -0.4890
vn -0.5269 0.6899 0.4964
vn 0.5036 0.6874 0.5233
vt 0.375000 0.000000
vt 0.500000 0.000000
vt 0.500000 0.125000
vt 0.375000 0.125000
vt 0.625000 0.000000
vt 0.625000 0.125000
vt 0.625000 0.250000
vt 0.500000 0.250000
vt 0.375000 0.250000
vt 0.500000 0.375000
vt 0.375000 0.375000
vt 0.625000 0.375000
vt 0.625000 0.500000
vt 0.500000 0.500000
vt 0.375000 0.500000
vt 0.500000 0.625000
vt 0.375000 0.625000
vt 0.625000 0.625000
vt 0.625000 0.750000
vt 0.500000 0.750000
vt 0.375000 0.750000
vt 0.500000 0.875000
vt 0.375000 0.875000
vt 0.625000 0.875000
vt 0.625000 1.000000
vt 0.500000 1.000000
vt 0.375000 1.000000
vt 0.125000 0.500000
vt 0.250000 0.500000
vt 0.250000 0.625000
vt 0.125000 0.625000
vt 0.250000 0.750000
vt 0.125000 0.750000
vt 0.750000 0.500000
vt 0.750000 0.625000
vt 0.875000 0.500000
vt 0.875000 0.625000
vt 0.875000 0.750000
vt 0.750000 0.750000
s 0
g Cube.010_Material.001
usemtl Material.001
f 702/727/658 711/728/658 722/729/658 710/730/658
f 711/728/659 703/731/659 712/732/659 722/729/659
f 722/729/660 712/732/660 705/733/660 713/734/660
f 710/730/661 722/729/661 713/734/661 704/735/661
f 704/735/662 713/734/662 723/736/662 714/737/662
f 713/734/663 705/733/663 715/738/663 723/736/663
f 723/736/664 715/738/664 709/739/664 716/740/664
f 714/737/665 723/736/665 716/740/665 708/741/665
f 708/741/666 716/740/666 724/742/666 717/743/666
f 716/740/667 709/739/667 718/744/667 724/742/667
f 724/742/668 718/744/668 707/745/668 719/746/668
f 717/743/669 724/742/669 719/746/669 706/747/669
f 706/747/670 719/746/670 725/748/670 720/749/670
f 719/746/671 707/745/671 721/750/671 725/748/671
f 725/748/672 721/750/672 703/751/672 711/752/672
f 720/749/673 725/748/673 711/752/673 702/753/673
f 704/754/674 714/755/674 726/756/674 710/757/674
f 714/755/675 708/741/675 717/743/675 726/756/675
f 726/756/676 717/743/676 706/747/676 720/758/676
f 710/757/677 726/756/677 720/758/677 702/759/677
f 709/739/678 715/760/678 727/761/678 718/744/678
f 715/760/679 705/762/679 712/763/679 727/761/679
f 727/761/680 712/763/680 703/764/680 721/765/680
f 718/744/681 727/761/681 721/765/681 707/745/681
o Cube.011
v 0.376785 2.968463 0.060406
v 0.443843 3.348669 0.074629
v 0.457938 2.960760 -0.180142
v 0.510223 3.336733 -0.124845
v 0.617610 2.959045 0.141180
v 0.666263 3.440329 0.148418
v 0.698980 2.951679 -0.099422
v 0.733258 3.428673 -0.050820
v 0.383609 2.928970 -0.072517
v 0.376924 3.155121 0.083319
v 0.459895 3.369250 -0.029139
v 0.466737 3.143116 -0.185083
v 0.583427 2.908890 -0.173923
v 0.632933 3.427976 -0.102219
v 0.749544 3.193717 -0.090885
v 0.680928 2.896995 0.027114
v 0.727671 3.501950 0.059324
v 0.659048 3.205233 0.177298
v 0.481622 2.917137 0.128163
v 0.554684 3.443257 0.132221
v 0.368540 3.139579 -0.068400
v 0.625089 3.166244 -0.188827
v 0.757357 3.209002 0.060802
v 0.501157 3.182403 0.180860
v 0.521023 2.814380 -0.029671
v 0.605127 3.534253 0.021784
vn -0.9992 -0.0384 0.0129
vn -0.9359 0.3515 -0.0212
vn -0.7376 0.3680 -0.5661
vn -0.7915 -0.0139 -0.6110
vn 0.0041 -0.0456 -0.9990
vn -0.0636 0.3128 -0.9477
vn 0.5207 0.2193 -0.8251
vn 0.6024 -0.1213 -0.7890
vn 0.9746 -0.2237 0.0042
vn 0.9952 0.0895 -0.0387
vn 0.7771 0.0690 0.6256
vn 0.7665 -0.2365 0.5971
vn 0.0061 -0.1718 0.9851
vn -0.0581 0.1611 0.9852
vn -0.6218 0.2581 0.7394
vn -0.5892 -0.1083 0.8007
vn -0.3623 -0.7394 -0.5674
vn 0.5087 -0.8090 -0.2946
vn 0.2043 -0.8010 0.5627
vn -0.6238 -0.7366 0.2612
vn 0.3270 0.7718 -0.5452
vn -0.4711 0.6604 -0.5847
vn -0.7316 0.6706 0.1222
vn -0.0177 0.7989 0.6011
vt 0.375000 0.000000
vt 0.500000 0.000000
vt 0.500000 0.125000
vt 0.375000 0.125000
vt 0.625000 0.000000
vt 0.625000 0.125000
vt 0.625000 0.250000
vt 0.500000 0.250000
vt 0.375000 0.250000
vt 0.500000 0.375000
vt 0.375000 0.375000
vt 0.625000 0.375000
vt 0.625000 0.500000
vt 0.500000 0.500000
vt 0.375000 0.500000
vt 0.500000 0.625000
vt 0.375000 0.625000
vt 0.625000 0.625000
vt 0.625000 0.750000
vt 0.500000 0.750000
vt 0.375000 0.750000
vt 0.500000 0.875000
vt 0.375000 0.875000
vt 0.625000 0.875000
vt 0.625000 1.000000
vt 0.500000 1.000000
vt 0.375000 1.000000
vt 0.125000 0.500000
vt 0.250000 0.500000
vt 0.250000 0.625000
vt 0.125000 0.625000
vt 0.250000 0.750000
vt 0.125000 0.750000
vt 0.750000 0.500000
vt 0.750000 0.625000
vt 0.875000 0.500000
vt 0.875000 0.625000
vt 0.875000 0.750000
vt 0.750000 0.750000
s 0
g Cube.011_Material.003
usemtl Material.003
f 728/766/682 737/767/682 748/768/682 736/769/682
f 737/767/683 729/770/683 738/771/683 748/768/683
f 748/768/684 738/771/684 731/772/684 739/773/684
f 736/769/685 748/768/685 739/773/685 730/774/685
f 730/774/686 739/773/686 749/775/686 740/776/686
f 739/773/687 731/772/687 741/777/687 749/775/687
f 749/775/688 741/777/688 735/778/688 742/779/688
f 740/776/689 749/775/689 742/779/689 734/780/689
f 734/780/690 742/779/690 750/781/690 743/782/690
f 742/779/691 735/778/691 744/783/691 750/781/691
f 750/781/692 744/783/692 733/784/692 745/785/692
f 743/782/693 750/781/693 745/785/693 732/786/693
f 732/786/694 745/785/694 751/787/694 746/788/694
f 745/785/695 733/784/695 747/789/695 751/787/695
f 751/787/696 747/789/696 729/790/696 737/791/696
f 746/788/697 751/787/697 737/791/697 728/792/697
f 730/793/698 740/794/698 752/795/698 736/796/698
f 740/794/699 734/780/699 743/782/699 752/795/699
f 752/795/700 743/782/700 732/786/700 746/797/700
f 736/796/701 752/795/701 746/797/701 728/798/701
f 735/778/702 741/799/702 753/800/702 744/783/702
f 741/799/703 731/801/703 738/802/703 753/800/703
f 753/800/704 738/802/704 729/803/704 747/804/704
f 744/783/705 753/800/705 747/804/705 733/784/705
o Cube.012
v 0.031692 2.918327 -0.330283
v 0.012767 3.304242 -0.337250
v -0.052482 2.917531 -0.089118
v -0.056836 3.297826 -0.138164
v -0.206954 2.939256 -0.413093
v -0.196052 3.423288 -0.411117
v -0.291416 2.938805 -0.172033
v -0.265942 3.417217 -0.212136
v 0.018471 2.878334 -0.197125
v 0.055155 3.104028 -0.349306
v -0.001841 3.325253 -0.233104
v -0.038524 3.099560 -0.080923
v -0.183042 2.881325 -0.097260
v -0.167177 3.403612 -0.160240
v -0.311694 3.185377 -0.176577
v -0.278768 2.883923 -0.299981
v -0.250473 3.490736 -0.321386
v -0.217547 3.189281 -0.444791
v -0.077255 2.880932 -0.399846
v -0.085137 3.412377 -0.394251
v 0.059793 3.085661 -0.197090
v -0.192822 3.141679 -0.078147
v -0.316098 3.203462 -0.328709
v -0.063484 3.147444 -0.447652
v -0.130902 2.781758 -0.243141
v -0.125404 3.507365 -0.282657
vn 0.9867 -0.1628 -0.0036
vn 0.9721 0.2318 0.0354
vn 0.7723 0.2641 0.5778
vn 0.7777 -0.1234 0.6164
vn -0.0201 -0.0614 0.9979
vn 0.0910 0.2872 0.9535
vn -0.4986 0.2685 0.8242
vn -0.6217 -0.0593 0.7810
vn -0.9946 -0.1021 -0.0159
vn -0.9769 0.2114 0.0327
vn -0.7554 0.1759 -0.6312
vn -0.7844 -0.1303 -0.6064
vn -0.0175 -0.1520 -0.9882
vn 0.0860 0.1713 -0.9815
vn 0.6575 0.1930 -0.7283
vn 0.5827 -0.1656 -0.7957
vn 0.2650 -0.7863 0.5582
vn -0.6065 -0.7453 0.2769
vn -0.2961 -0.7630 -0.5746
vn 0.5342 -0.8035 -0.2626
vn -0.2349 0.7991 0.5534
vn 0.5430 0.5898 0.5977
vn 0.8088 0.5785 -0.1053
vn 0.1194 0.7994 -0.5888
vt 0.375000 0.000000
vt 0.500000 0.000000
vt 0.500000 0.125000
vt 0.375000 0.125000
vt 0.625000 0.000000
vt 0.625000 0.125000
vt 0.625000 0.250000
vt 0.500000 0.250000
vt 0.375000 0.250000
vt 0.500000 0.375000
vt 0.375000 0.375000
vt 0.625000 0.375000
vt 0.625000 0.500000
vt 0.500000 0.500000
vt 0.375000 0.500000
vt 0.500000 0.625000
vt 0.375000 0.625000
vt 0.625000 0.625000
vt 0.625000 0.750000
vt 0.500000 0.750000
vt 0.375000 0.750000
vt 0.500000 0.875000
vt 0.375000 0.875000
vt 0.625000 0.875000
vt 0.625000 1.000000
vt 0.500000 1.000000
vt 0.375000 1.000000
vt 0.125000 0.500000
vt 0.250000 0.500000
vt 0.250000 0.625000
vt 0.125000 0.625000
vt 0.250000 0.750000
vt 0.125000 0.750000
vt 0.750000 0.500000
vt 0.750000 0.625000
vt 0.875000 0.500000
vt 0.875000 0.625000
vt 0.875000 0.750000
vt 0.750000 0.750000
s 0
g Cube.012_Material.004
usemtl Material.004
f 754/805/706 763/806/706 774/807/706 762/808/706
f 763/806/707 755/809/707 764/810/707 774/807/707
f 774/807/708 764/810/708 757/811/708 765/812/708
f 762/808/709 774/807/709 765/812/709 756/813/709
f 756/813/710 765/812/710 775/814/710 766/815/710
f 765/812/711 757/811/711 767/816/711 775/814/711
f 775/814/712 767/816/712 761/817/712 768/818/712
f 766/815/713 775/814/713 768/818/713 760/819/713
f 760/819/714 768/818/714 776/820/714 769/821/714
f 768/818/715 761/817/715 770/822/715 776/820/715
f 776/820/716 770/822/716 759/823/716 771/824/716
f 769/821/717 776/820/717 771/824/717 758/825/717
f 758/825/718 771/824/718 777/826/718 772/827/718
f 771/824/719 759/823/719 773/828/719 777/826/719
f 777/826/720 773/828/720 755/829/720 763/830/720
f 772/827/721 777/826/721 763/830/721 754/831/721
f 756/832/722 766/833/722 778/834/722 762/835/722
f 766/833/723 760/819/723 769/821/723 778/834/723
f 778/834/724 769/821/724 758/825/724 772/836/724
f 762/835/725 778/834/725 772/836/725 754/837/725
f 761/817/726 767/838/726 779/839/726 770/822/726
f 767/838/727 757/840/727 764/841/727 779/839/727
f 779/839/728 764/841/728 755/842/728 773/843/728
f 770/822/729 779/839/729 773/843/729 759/823/729
o Cube.013
v 0.161912 2.790851 -0.166138
v 0.122946 3.059514 -0.294809
v 0.287139 2.778998 -0.526016
v 0.309215 3.034450 -0.831394
v 0.640619 2.776562 -0.001814
v 0.767849 2.961247 -0.071083
v 0.765352 2.764565 -0.360900
v 0.952276 2.936208 -0.607718
v 0.181216 2.753715 -0.337236
v 0.064255 2.933247 -0.201980
v 0.135870 3.090480 -0.614208
v 0.253371 2.910848 -0.748952
v 0.525748 2.747810 -0.444688
v 0.665130 3.005363 -0.817109
v 0.936969 2.842205 -0.512177
v 0.729704 2.753493 -0.148845
v 0.955697 2.953482 -0.329444
v 0.748582 2.864777 0.033845
v 0.386323 2.759688 -0.042992
v 0.427203 3.038724 -0.127251
v 0.029458 2.934901 -0.519606
v 0.630599 2.872365 -0.734057
v 0.971194 2.840571 -0.194627
v 0.371558 2.903426 0.018043
v 0.439043 2.703117 -0.200616
v 0.562582 3.072701 -0.515509
vn -0.8118 -0.5800 0.0678
vn -0.8447 0.5322 0.0563
vn -0.7461 0.0114 -0.6658
vn -0.4848 -0.7855 -0.3847
vn -0.0305 -0.8921 -0.4507
vn -0.0160 -0.5379 -0.8428
vn 0.3903 -0.6207 -0.6800
vn 0.1601 -0.9314 -0.3269
vn 0.3615 -0.9321 -0.0214
vn 0.9959 -0.0672 -0.0612
vn 0.6464 0.5696 0.5076
vn 0.4123 -0.7964 0.4425
vn -0.0962 -0.3498 0.9319
vn 0.0485 0.7255 0.6865
vn -0.3340 0.7102 0.6197
vn -0.5428 -0.2829 0.7908
vn -0.0767 -0.9783 -0.1923
vn 0.1457 -0.9860 -0.0815
vn 0.0699 -0.9567 0.2826
vn -0.2715 -0.9396 0.2084
vn 0.3114 0.9465 -0.0849
vn 0.0856 0.9786 -0.1872
vn 0.0179 0.9953 0.0951
vn 0.2113 0.9666 0.1448
vt 0.375000 0.000000
vt 0.500000 0.000000
vt 0.500000 0.125000
vt 0.375000 0.125000
vt 0.625000 0.000000
vt 0.625000 0.125000
vt 0.625000 0.250000
vt 0.500000 0.250000
vt 0.375000 0.250000
vt 0.500000 0.375000
vt 0.375000 0.375000
vt 0.625000 0.375000
vt 0.625000 0.500000
vt 0.500000 0.500000
vt 0.375000 0.500000
vt 0.500000 0.625000
vt 0.375000 0.625000
vt 0.625000 0.625000
vt 0.625000 0.750000
vt 0.500000 0.750000
vt 0.375000 0.750000
vt 0.500000 0.875000
vt 0.375000 0.875000
vt 0.625000 0.875000
vt 0.625000 1.000000
vt 0.500000 1.000000
vt 0.375000 1.000000
vt 0.125000 0.500000
vt 0.250000 0.500000
vt 0.250000 0.625000
vt 0.125000 0.625000
vt 0.250000 0.750000
vt 0.125000 0.750000
vt 0.750000 0.500000
vt 0.750000 0.625000
vt 0.875000 0.500000
vt 0.875000 0.625000
vt 0.875000 0.750000
vt 0.750000 0.750000
s 0
g Cube.013_Material.005
usemtl Material.005
f 780/844/730 789/845/730 800/846/730 788/847/730
f 789/845/731 781/848/731 790/849/731 800/846/731
f 800/846/732 790/849/732 783/850/732 791/851/732
f 788/847/733 800/846/733 791/851/733 782/852/733
f 782/852/734 791/851/734 801/853/734 792/854/734
f 791/851/735 783/850/735 793/855/735 801/853/735
f 801/853/736 793/855/736 787/856/736 794/857/736
f 792/854/737 801/853/737 794/857/737 786/858/737
f 786/858/738 794/857/738 802/859/738 795/860/738
f 794/857/739 787/856/739 796/861/739 802/859/739
f 802/859/740 796/861/740 785/862/740 797/863/740
f 795/860/741 802/859/741 797/863/741 784/864/741
f 784/864/742 797/863/742 803/865/742 798/866/742
f 797/863/743 785/862/743 799/867/743 803/865/743
f 803/865/744 799/867/744 781/868/744 789/869/744
f 798/866/745 803/865/745 789/869/745 780/870/745
f 782/871/746 792/872/746 804/873/746 788/874/746
f 792/872/747 786/858/747 795/860/747 804/873/747
f 804/873/748 795/860/748 784/864/748 798/875/748
f 788/874/749 804/873/749 798/875/749 780/876/749
f 787/856/750 793/877/750 805/878/750 796/861/750
f 793/877/751 783/879/751 790/880/751 805/878/751
f 805/878/752 790/880/752 781/881/752 799/882/752
f 796/861/753 805/878/753 799/882/753 785/862/753
o Cube.014
v -0.014089 2.975185 -0.220392
v 0.106452 3.168481 -0.275845
v 0.080637 3.003827 -0.488324
v 0.222962 3.184067 -0.609033
v 0.406541 3.030789 -0.075725
v 0.604228 3.187963 -0.103999
v 0.501267 3.059432 -0.343658
v 0.720737 3.203549 -0.437187
v -0.023524 2.961222 -0.359258
v -0.015705 3.065297 -0.232526
v 0.120877 3.196331 -0.472219
v 0.113058 3.092257 -0.598950
v 0.280468 3.017623 -0.430489
v 0.505478 3.212661 -0.574476
v 0.672889 3.138027 -0.406014
v 0.473448 3.036425 -0.188468
v 0.743567 3.212669 -0.257137
v 0.544126 3.111067 -0.039591
v 0.169455 2.980024 -0.117237
v 0.358966 3.196339 -0.154880
v -0.056912 3.070144 -0.452127
v 0.417259 3.120227 -0.571593
v 0.714096 3.133180 -0.186413
v 0.239925 3.083097 -0.066948
v 0.185871 2.960031 -0.256734
v 0.471313 3.243293 -0.381806
vn -0.9850 -0.0985 0.1417
vn -0.5908 0.8005 0.1010
vn -0.5534 0.6601 -0.5079
vn -0.4680 -0.6355 -0.6141
vn 0.1583 -0.8349 -0.5272
vn 0.1218 -0.1994 -0.9723
vn 0.4600 -0.5470 -0.6994
vn 0.2949 -0.8906 -0.3462
vn 0.3799 -0.9214 -0.0820
vn 0.8350 -0.5352 -0.1281
vn 0.6565 0.2415 0.7146
vn 0.3878 -0.8845 0.2593
vn -0.0653 -0.3639 0.9292
vn -0.1261 0.6899 0.7128
vn -0.3752 0.7492 0.5459
vn -0.5225 0.0179 0.8524
vn 0.1230 -0.9634 -0.2381
vn 0.2635 -0.9550 -0.1359
vn 0.2091 -0.9700 0.1243
vn -0.0534 -0.9914 0.1196
vn 0.1346 0.9857 -0.1010
vn -0.0851 0.9829 -0.1632
vn -0.1648 0.9786 0.1236
vn 0.0091 0.9815 0.1911
vt 0.375000 0.000000
vt 0.500000 0.000000
vt 0.500000 0.125000
vt 0.375000 0.125000
vt 0.625000 0.000000
vt 0.625000 0.125000
vt 0.625000 0.250000
vt 0.500000 0.250000
vt 0.375000 0.250000
vt 0.500000 0.375000
vt 0.375000 0.375000
vt 0.625000 0.375000
vt 0.625000 0.500000
vt 0.500000 0.500000
vt 0.375000 0.500000
vt 0.500000 0.625000
vt 0.375000 0.625000
vt 0.625000 0.625000
vt 0.625000 0.750000
vt 0.500000 0.750000
vt 0.375000 0.750000
vt 0.500000 0.875000
vt 0.375000 0.875000
vt 0.625000 0.875000
vt 0.625000 1.000000
vt 0.500000 1.000000
vt 0.375000 1.000000
vt 0.125000 0.500000
vt 0.250000 0.500000
vt 0.250000 0.625000
vt 0.125000 0.625000
vt 0.250000 0.750000
vt 0.125000 0.750000
vt 0.750000 0.500000
vt 0.750000 0.625000
vt 0.875000 0.500000
vt 0.875000 0.625000
vt 0.875000 0.750000
vt 0.750000 0.750000
s 0
g Cube.014_Material.006
usemtl Material.006
f 806/883/754 815/884/754 826/885/754 814/886/754
f 815/884/755 807/887/755 816/888/755 826/885/755
f 826/885/756 816/888/756 809/889/756 817/890/756
f 814/886/757 826/885/757 817/890/757 808/891/757
f 808/891/758 817/890/758 827/892/758 818/893/758
f 817/890/759 809/889/759 819/894/759 827/892/759
f 827/892/760 819/894/760 813/895/760 820/896/760
f 818/893/761 827/892/761 820/896/761 812/897/761
f 812/897/762 820/896/762 828/898/762 821/899/762
f 820/896/763 813/895/763 822/900/763 828/898/763
f 828/898/764 822/900/764 811/901/764 823/902/764
f 821/899/765 828/898/765 823/902/765 810/903/765
f 810/903/766 823/902/766 829/904/766 824/905/766
f 823/902/767 811/901/767 825/906/767 829/904/767
f 829/904/768 825/906/768 807/907/768 815/908/768
f 824/905/769 829/904/769 815/908/769 806/909/769
f 808/910/770 818/911/770 830/912/770 814/913/770
f 818/911/771 812/897/771 821/899/771 830/912/771
f 830/912/772 821/899/772 810/903/772 824/914/772
f 814/913/773 830/912/773 824/914/773 806/915/773
f 813/895/774 819/916/774 831/917/774 822/900/774
f 819/916/775 809/918/775 816/919/775 831/917/775
f 831/917/776 816/919/776 807/920/776 825/921/776
f 822/900/777 831/917/777 825/921/777 811/901/777
o Cube.015
v -0.042730 3.063732 -0.133849
v 0.058322 3.251971 -0.113342
v 0.000863 3.044045 -0.263248
v 0.102794 3.257277 -0.240640
v 0.197245 3.124010 -0.074965
v 0.334530 3.367613 -0.057726
v 0.236548 3.117349 -0.189575
v 0.374712 3.385944 -0.170234
v -0.056378 3.027225 -0.208329
v -0.025512 3.149626 -0.115098
v 0.059916 3.260586 -0.181376
v 0.029050 3.138186 -0.274607
v 0.110052 3.051661 -0.242178
v 0.256586 3.350498 -0.216176
v 0.337588 3.263974 -0.183746
v 0.226131 3.097289 -0.126855
v 0.401473 3.420871 -0.105228
v 0.290017 3.254186 -0.048338
v 0.059701 3.072852 -0.093007
v 0.204803 3.330959 -0.070429
v -0.057083 3.122183 -0.209717
v 0.192950 3.200924 -0.256989
v 0.372654 3.280802 -0.101178
v 0.122621 3.202061 -0.053906
v 0.057374 3.009735 -0.172173
v 0.258197 3.393250 -0.138721
vn -0.9699 0.0661 0.2344
vn -0.7703 0.6340 0.0686
vn -0.5954 0.5765 -0.5597
vn -0.6464 0.0426 -0.7618
vn 0.1851 -0.1882 -0.9645
vn -0.0054 0.2707 -0.9627
vn 0.4023 0.0337 -0.9149
vn 0.5261 -0.3506 -0.7748
vn 0.7979 -0.5842 -0.1484
vn 0.9247 -0.2215 -0.3097
vn 0.5998 -0.1317 0.7893
vn 0.5754 -0.5412 0.6132
vn 0.0102 -0.2514 0.9678
vn -0.1086 0.1617 0.9808
vn -0.4536 0.3772 0.8074
vn -0.3490 -0.1199 0.9294
vn 0.0575 -0.9220 -0.3830
vn 0.4964 -0.8528 -0.1623
vn 0.2327 -0.7795 0.5815
vn -0.2258 -0.8065 0.5464
vn -0.0709 0.8816 -0.4666
vn -0.4385 0.8033 -0.4030
vn -0.5483 0.8118 0.2011
vn -0.2781 0.8088 0.5181
vt 0.375000 0.000000
vt 0.500000 0.000000
vt 0.500000 0.125000
vt 0.375000 0.125000
vt 0.625000 0.000000
vt 0.625000 0.125000
vt 0.625000 0.250000
vt 0.500000 0.250000
vt 0.375000 0.250000
vt 0.500000 0.375000
vt 0.375000 0.375000
vt 0.625000 0.375000
vt 0.625000 0.500000
vt 0.500000 0.500000
vt 0.375000 0.500000
vt 0.500000 0.625000
vt 0.375000 0.625000
vt 0.625000 0.625000
vt 0.625000 0.750000
vt 0.500000 0.750000
vt 0.375000 0.750000
vt 0.500000 0.875000
vt 0.375000 0.875000
vt 0.625000 0.875000
vt 0.625000 1.000000
vt 0.500000 1.000000
vt 0.375000 1.000000
vt 0.125000 0.500000
vt 0.250000 0.500000
vt 0.250000 0.625000
vt 0.125000 0.625000
vt 0.250000 0.750000
vt 0.125000 0.750000
vt 0.750000 0.500000
vt 0.750000 0.625000
vt 0.875000 0.500000
vt 0.875000 0.625000
vt 0.875000 0.750000
vt 0.750000 0.750000
s 0
g Cube.015_Material.008
usemtl Material.008
f 832/922/778 841/923/778 852/924/778 840/925/778
f 841/923/779 833/926/779 842/927/779 852/924/779
f 852/924/780 842/927/780 835/928/780 843/929/780
f 840/925/781 852/924/781 843/929/781 834/930/781
f 834/930/782 843/929/782 853/931/782 844/932/782
f 843/929/783 835/928/783 845/933/783 853/931/783
f 853/931/784 845/933/784 839/934/784 846/935/784
f 844/932/785 853/931/785 846/935/785 838/936/785
f 838/936/786 846/935/786 854/937/786 847/938/786
f 846/935/787 839/934/787 848/939/787 854/937/787
f 854/937/788 848/939/788 837/940/788 849/941/788
f 847/938/789 854/937/789 849/941/789 836/942/789
f 836/942/790 849/941/790 855/943/790 850/944/790
f 849/941/791 837/940/791 851/945/791 855/943/791
f 855/943/792 851/945/792 833/946/792 841/947/792
f 850/944/793 855/943/793 841/947/793 832/948/793
f 834/949/794 844/950/794 856/951/794 840/952/794
f 844/950/795 838/936/795 847/938/795 856/951/795
f 856/951/796 847/938/796 836/942/796 850/953/796
f 840/952/797 856/951/797 850/953/797 832/954/797
f 839/934/798 845/955/798 857/956/798 848/939/798
f 845/955/799 835/957/799 842/958/799 857/956/799
f 857/956/800 842/958/800 833/959/800 851/960/800
f 848/939/801 857/956/801 851/960/801 837/940/801
o Cube.016
v 0.313283 2.736833 -0.561933
v 0.286055 2.833813 -0.494922
v 0.346516 2.701219 -0.672442
v 0.317416 2.821115 -0.596055
v 0.382781 2.620793 -0.539555
v 0.355612 2.775458 -0.473158
v 0.415494 2.585194 -0.650122
v 0.386674 2.762762 -0.574294
v 0.325365 2.722617 -0.627518
v 0.288734 2.797510 -0.519189
v 0.291132 2.842973 -0.539958
v 0.327839 2.768078 -0.648279
v 0.387712 2.621925 -0.682236
v 0.352176 2.807944 -0.587489
v 0.412023 2.661788 -0.621432
v 0.409665 2.569327 -0.600186
v 0.375625 2.783679 -0.513585
v 0.373316 2.691216 -0.492336
v 0.347416 2.670021 -0.545485
v 0.314665 2.818712 -0.466080
v 0.292434 2.802835 -0.588766
v 0.377101 2.709395 -0.659264
v 0.408439 2.656462 -0.551852
v 0.323898 2.749906 -0.481383
v 0.373886 2.614415 -0.630313
v 0.327026 2.844889 -0.510343
vn -0.9391 -0.3323 -0.0878
vn -0.9971 0.0188 -0.0740
vn -0.5828 0.5626 -0.5864
vn -0.9002 -0.1394 -0.4125
vn 0.2977 0.3301 -0.8958
vn 0.5072 0.6135 -0.6053
vn 0.8311 0.4239 -0.3599
vn 0.8447 0.2254 -0.4855
vn 0.9970 -0.0077 0.0772
vn 0.9727 0.2167 0.0833
vn 0.8818 0.0846 0.4640
vn 0.7306 -0.3171 0.6046
vn -0.6532 -0.5380 0.5328
vn -0.0662 -0.2304 0.9709
vn -0.8120 -0.2840 0.5099
vn -0.8771 -0.4423 0.1874
vn -0.8779 -0.4026 -0.2593
vn -0.6383 -0.7142 -0.2871
vn -0.8141 -0.5683 0.1197
vn -0.9028 -0.4289 -0.0323
vn 0.7894 0.6119 -0.0496
vn 0.2996 0.9102 -0.2860
vn -0.1219 0.9308 0.3445
vn 0.6878 0.5419 0.4830
vt 0.375000 0.000000
vt 0.500000 0.000000
vt 0.500000 0.125000
vt 0.375000 0.125000
vt 0.625000 0.000000
vt 0.625000 0.125000
vt 0.625000 0.250000
vt 0.500000 0.250000
vt 0.375000 0.250000
vt 0.500000 0.375000
vt 0.375000 0.375000
vt 0.625000 0.375000
vt 0.625000 0.500000
vt 0.500000 0.500000
vt 0.375000 0.500000
vt 0.500000 0.625000
vt 0.375000 0.625000
vt 0.625000 0.625000
vt 0.625000 0.750000
vt 0.500000 0.750000
vt 0.375000 0.750000
vt 0.500000 0.875000
vt 0.375000 0.875000
vt 0.625000 0.875000
vt 0.625000 1.000000
vt 0.500000 1.000000
vt 0.375000 1.000000
vt 0.125000 0.500000
vt 0.250000 0.500000
vt 0.250000 0.625000
vt 0.125000 0.625000
vt 0.250000 0.750000
vt 0.125000 0.750000
vt 0.750000 0.500000
vt 0.750000 0.625000
vt 0.875000 0.500000
vt 0.875000 0.625000
vt 0.875000 0.750000
vt 0.750000 0.750000
s 0
f 858/961/802 867/962/802 878/963/802 866/964/802
f 867/962/803 859/965/803 868/966/803 878/963/803
f 878/963/804 868/966/804 861/967/804 869/968/804
f 866/964/805 878/963/805 869/968/805 860/969/805
f 860/969/806 869/968/806 879/970/806 870/971/806
f 869/968/807 861/967/807 871/972/807 879/970/807
f 879/970/808 871/972/808 865/973/808 872/974/808
f 870/971/809 879/970/809 872/974/809 864/975/809
f 864/975/810 872/974/810 880/976/810 873/977/810
f 872/974/811 865/973/811 874/978/811 880/976/811
f 880/976/812 874/978/812 863/979/812 875/980/812
f 873/977/813 880/976/813 875/980/813 862/981/813
f 862/981/814 875/980/814 881/982/814 876/983/814
f 875/980/815 863/979/815 877/984/815 881/982/815
f 881/982/816 877/984/816 859/985/816 867/986/816
f 876/983/817 881/982/817 867/986/817 858/987/817
f 860/988/818 870/989/818 882/990/818 866/991/818
f 870/989/819 864/975/819 873/977/819 882/990/819
f 882/990/820 873/977/820 862/981/820 876/992/820
f 866/991/821 882/990/821 876/992/821 858/993/821
f 865/973/822 871/994/822 883/995/822 874/978/822
f 871/994/823 861/996/823 868/997/823 883/995/823
f 883/995/824 868/997/824 859/998/824 877/999/824
f 874/978/825 883/995/825 877/999/825 863/979/825
o Cube.017
v 0.192447 2.786603 -0.525748
v 0.176881 2.884047 -0.454866
v 0.228341 2.750900 -0.635907
v 0.210984 2.871252 -0.555614
v 0.273145 2.670418 -0.496222
v 0.271325 2.825864 -0.421397
v 0.309039 2.634715 -0.606380
v 0.305428 2.813068 -0.522144
v 0.204013 2.772325 -0.592156
v 0.171234 2.847535 -0.482204
v 0.181123 2.893182 -0.500813
v 0.213902 2.817972 -0.610766
v 0.273857 2.671436 -0.642677
v 0.260709 2.858218 -0.540454
v 0.320663 2.711682 -0.572366
v 0.299574 2.618775 -0.556969
v 0.299085 2.834152 -0.459201
v 0.277995 2.741245 -0.443804
v 0.229730 2.719664 -0.506447
v 0.219499 2.869116 -0.419561
v 0.172432 2.852800 -0.553727
v 0.275330 2.759251 -0.615813
v 0.319465 2.706416 -0.500842
v 0.216567 2.799966 -0.438756
v 0.253998 2.663841 -0.592396
v 0.237899 2.895375 -0.462173
vn -0.9468 -0.3146 -0.0671
vn -0.9788 0.2038 -0.0204
vn -0.3699 0.7118 -0.5971
vn -0.8455 -0.0341 -0.5329
vn 0.3223 0.3254 -0.8889
vn 0.4528 0.6098 -0.6505
vn 0.7660 0.4195 -0.4871
vn 0.7754 0.1637 -0.6099
vn 0.9757 -0.2134 0.0486
vn 0.9896 0.1381 0.0393
vn 0.7942 -0.0805 0.6023
vn 0.4902 -0.5433 0.6815
vn -0.5749 -0.5283 0.6249
vn -0.1774 -0.2610 0.9489
vn -0.7335 -0.2232 0.6420
vn -0.8439 -0.4433 0.3021
vn -0.8448 -0.4167 -0.3357
vn -0.5058 -0.7944 -0.3363
vn -0.7586 -0.6221 0.1936
vn -0.8951 -0.4459 -0.0054
vn 0.7156 0.6854 -0.1349
vn 0.2494 0.9178 -0.3088
vn -0.1324 0.9316 0.3385
vn 0.5518 0.6032 0.5759
vt 0.375000 0.000000
vt 0.500000 0.000000
vt 0.500000 0.125000
vt 0.375000 0.125000
vt 0.625000 0.000000
vt 0.625000 0.125000
vt 0.625000 0.250000
vt 0.500000 0.250000
vt 0.375000 0.250000
vt 0.500000 0.375000
vt 0.375000 0.375000
vt 0.625000 0.375000
vt 0.625000 0.500000
vt 0.500000 0.500000
vt 0.375000 0.500000
vt 0.500000 0.625000
vt 0.375000 0.625000
vt 0.625000 0.625000
vt 0.625000 0.750000
vt 0.500000 0.750000
vt 0.375000 0.750000
vt 0.500000 0.875000
vt 0.375000 0.875000
vt 0.625000 0.875000
vt 0.625000 1.000000
vt 0.500000 1.000000
vt 0.375000 1.000000
vt 0.125000 0.500000
vt 0.250000 0.500000
vt 0.250000 0.625000
vt 0.125000 0.625000
vt 0.250000 0.750000
vt 0.125000 0.750000
vt 0.750000 0.500000
vt 0.750000 0.625000
vt 0.875000 0.500000
vt 0.875000 0.625000
vt 0.875000 0.750000
vt 0.750000 0.750000
s 0
f 884/1000/826 893/1001/826 904/1002/826 892/1003/826
f 893/1001/827 885/1004/827 894/1005/827 904/1002/827
f 904/1002/828 894/1005/828 887/1006/828 895/1007/828
f 892/1003/829 904/1002/829 895/1007/829 886/1008/829
f 886/1008/830 895/1007/830 905/1009/830 896/1010/830
f 895/1007/831 887/1006/831 897/1011/831 905/1009/831
f 905/1009/832 897/1011/832 891/1012/832 898/1013/832
f 896/1010/833 905/1009/833 898/1013/833 890/1014/833
f 890/1014/834 898/1013/834 906/1015/834 899/1016/834
f 898/1013/835 891/1012/835 900/1017/835 906/1015/835
f 906/1015/836 900/1017/836 889/1018/836 901/1019/836
f 899/1016/837 906/1015/837 901/1019/837 888/1020/837
f 888/1020/838 901/1019/838 907/1021/838 902/1022/838
f 901/1019/839 889/1018/839 903/1023/839 907/1021/839
f 907/1021/840 903/1023/840 885/1024/840 893/1025/840
f 902/1022/841 907/1021/841 893/1025/841 884/1026/841
f 886/1027/842 896/1028/842 908/1029/842 892/1030/842
f 896/1028/843 890/1014/843 899/1016/843 908/1029/843
f 908/1029/844 899/1016/844 888/1020/844 902/1031/844
f 892/1030/845 908/1029/845 902/1031/845 884/1032/845
f 891/1012/846 897/1033/846 909/1034/846 900/1017/846
f 897/1033/847 887/1035/847 894/1036/847 909/1034/847
f 909/1034/848 894/1036/848 885/1037/848 903/1038/848
f 900/1017/849 909/1034/849 903/1038/849 889/1018/849
o Cylinder.006
v 0.072898 1.964303 -0.479217
v 0.072898 2.122703 -0.479217
v 0.246898 1.964303 -0.432594
v 0.246898 2.122703 -0.432594
v 0.374275 1.964303 -0.305217
v 0.374275 2.122703 -0.305217
v 0.420898 1.964303 -0.131217
v 0.420898 2.122703 -0.131217
v 0.374275 1.964303 0.042783
v 0.374275 2.122703 0.042783
v 0.246898 1.964303 0.170160
v 0.246898 2.122703 0.170160
v 0.072898 1.964303 0.216783
v 0.072898 2.122703 0.216783
v -0.101102 1.964303 0.170160
v -0.101102 2.122703 0.170160
v -0.228479 1.964303 0.042783
v -0.228479 2.122703 0.042783
v -0.275102 1.964303 -0.131217
v -0.275102 2.122703 -0.131217
v -0.228479 1.964303 -0.305217
v -0.228479 2.122703 -0.305217
v -0.101102 1.964303 -0.432594
v -0.101102 2.122703 -0.432594
vn 0.2588 -0.0000 -0.9659
vn 0.7071 -0.0000 -0.7071
vn 0.9659 -0.0000 -0.2588
vn 0.9659 -0.0000 0.2588
vn 0.7071 -0.0000 0.7071
vn 0.2588 -0.0000 0.9659
vn -0.2588 -0.0000 0.9659
vn -0.7071 -0.0000 0.7071
vn -0.9659 -0.0000 0.2588
vn -0.9659 -0.0000 -0.2588
vn -0.0000 1.0000 -0.0000
vn -0.7071 -0.0000 -0.7071
vn -0.2588 -0.0000 -0.9659
vn -0.0000 -1.0000 -0.0000
vt 1.000000 0.500000
vt 1.000000 1.000000
vt 0.916667 1.000000
vt 0.916667 0.500000
vt 0.833333 1.000000
vt 0.833333 0.500000
vt 0.750000 1.000000
vt 0.750000 0.500000
vt 0.666667 1.000000
vt 0.666667 0.500000
vt 0.583333 1.000000
vt 0.583333 0.500000
vt 0.500000 1.000000
vt 0.500000 0.500000
vt 0.416667 1.000000
vt 0.416667 0.500000
vt 0.333333 1.000000
vt 0.333333 0.500000
vt 0.250000 1.000000
vt 0.250000 0.500000
vt 0.166667 1.000000
vt 0.166667 0.500000
vt 0.370000 0.457846
vt 0.250000 0.490000
vt 0.130000 0.457846
vt 0.042154 0.370000
vt 0.010000 0.250000
vt 0.042154 0.130000
vt 0.130000 0.042154
vt 0.250000 0.010000
vt 0.370000 0.042154
vt 0.457846 0.130000
vt 0.490000 0.250000
vt 0.457846 0.370000
vt 0.083333 1.000000
vt 0.083333 0.500000
vt 0.000000 1.000000
vt 0.000000 0.500000
vt 0.750000 0.490000
vt 0.870000 0.457846
vt 0.957846 0.370000
vt 0.990000 0.250000
vt 0.957846 0.130000
vt 0.870000 0.042154
vt 0.750000 0.010000
vt 0.630000 0.042154
vt 0.542154 0.130000
vt 0.510000 0.250000
vt 0.542154 0.370000
vt 0.630000 0.457846
s 0
g Cylinder.006_Material.016
usemtl Material.016
f 910/1039/850 911/1040/850 913/1041/850 912/1042/850
f 912/1042/851 913/1041/851 915/1043/851 914/1044/851
f 914/1044/852 915/1043/852 917/1045/852 916/1046/852
f 916/1046/853 917/1045/853 919/1047/853 918/1048/853
f 918/1048/854 919/1047/854 921/1049/854 920/1050/854
f 920/1050/855 921/1049/855 923/1051/855 922/1052/855
f 922/1052/856 923/1051/856 925/1053/856 924/1054/856
f 924/1054/857 925/1053/857 927/1055/857 926/1056/857
f 926/1056/858 927/1055/858 929/1057/858 928/1058/858
f 928/1058/859 929/1057/859 931/1059/859 930/1060/859
f 913/1061/860 911/1062/860 933/1063/860 931/1064/860 929/1065/860 927/1066/860 925/1067/860 923/1068/860 921/1069/860 919/1070/860 917/1071/860 915/1072/860
f 930/1060/861 931/1059/861 933/1073/861 932/1074/861
f 932/1074/862 933/1073/862 911/1075/862 910/1076/862
f 910/1077/863 912/1078/863 914/1079/863 916/1080/863 918/1081/863 920/1082/863 922/1083/863 924/1084/863 926/1085/863 928/1086/863 930/1087/863 932/1088/863
o Cylinder.007
v 0.072180 1.795111 -0.545321
v 0.072180 1.801951 -0.564115
v 0.081273 1.795500 -0.545179
v 0.081273 1.802341 -0.563973
v 0.090291 1.796665 -0.544755
v 0.090291 1.803506 -0.563549
v 0.099159 1.798596 -0.544053
v 0.099159 1.805436 -0.562846
v 0.107804 1.801276 -0.543077
v 0.107804 1.808116 -0.561871
v 0.116153 1.804684 -0.541837
v 0.116153 1.811524 -0.560631
v 0.124138 1.808791 -0.540342
v 0.124138 1.815632 -0.559136
v 0.131692 1.813564 -0.538605
v 0.131692 1.820404 -0.557399
v 0.138754 1.818962 -0.536640
v 0.138754 1.825802 -0.555434
v 0.145263 1.824941 -0.534464
v 0.145263 1.831782 -0.553257
v 0.151167 1.831452 -0.532094
v 0.151167 1.838292 -0.550888
v 0.156417 1.838440 -0.529550
v 0.156417 1.845281 -0.548344
v 0.160968 1.845848 -0.526854
v 0.160968 1.852689 -0.545648
v 0.164784 1.853615 -0.524027
v 0.164784 1.860455 -0.542821
v 0.167832 1.861675 -0.521094
v 0.167832 1.868515 -0.539888
v 0.170088 1.869962 -0.518077
v 0.170088 1.876802 -0.536871
v 0.171532 1.878407 -0.515004
v 0.171532 1.885248 -0.533797
v 0.172154 1.886941 -0.511897
v 0.172154 1.893782 -0.530691
v 0.171946 1.895493 -0.508785
v 0.171946 1.902333 -0.527579
v 0.170913 1.903992 -0.505692
v 0.170913 1.910832 -0.524485
v 0.169060 1.912367 -0.502643
v 0.169060 1.919207 -0.521437
v 0.166406 1.920549 -0.499665
v 0.166406 1.927389 -0.518459
v 0.162970 1.928470 -0.496782
v 0.162970 1.935310 -0.515576
v 0.158782 1.936065 -0.494018
v 0.158782 1.942905 -0.512812
v 0.153877 1.943271 -0.491395
v 0.153877 1.950111 -0.510189
v 0.148294 1.950027 -0.488936
v 0.148294 1.956867 -0.507730
v 0.142081 1.956279 -0.486661
v 0.142081 1.963119 -0.505455
v 0.135288 1.961973 -0.484588
v 0.135288 1.968814 -0.503382
v 0.127973 1.967064 -0.482735
v 0.127973 1.973904 -0.501529
v 0.120195 1.971509 -0.481117
v 0.120195 1.978349 -0.499911
v 0.112020 1.975270 -0.479748
v 0.112020 1.982110 -0.498542
v 0.103514 1.978317 -0.478639
v 0.103514 1.985158 -0.497433
v 0.094749 1.980625 -0.477799
v 0.094749 1.987466 -0.496593
v 0.085796 1.982174 -0.477235
v 0.085796 1.989015 -0.496029
v 0.076731 1.982952 -0.476952
v 0.076731 1.989793 -0.495746
v 0.067628 1.982952 -0.476952
v 0.067628 1.989793 -0.495746
v 0.058563 1.982174 -0.477235
v 0.058563 1.989015 -0.496029
v 0.049611 1.980625 -0.477799
v 0.049611 1.987466 -0.496593
v 0.040845 1.978317 -0.478639
v 0.040845 1.985158 -0.497433
v 0.032339 1.975270 -0.479748
v 0.032339 1.982110 -0.498542
v 0.024164 1.971509 -0.481117
v 0.024164 1.978349 -0.499911
v 0.016386 1.967064 -0.482735
v 0.016386 1.973904 -0.501529
v 0.009071 1.961973 -0.484588
v 0.009071 1.968814 -0.503382
v 0.002278 1.956279 -0.486661
v 0.002278 1.963119 -0.505455
v -0.003935 1.950027 -0.488936
v -0.003935 1.956867 -0.507730
v -0.009517 1.943271 -0.491395
v -0.009517 1.950111 -0.510189
v -0.014423 1.936065 -0.494018
v -0.014423 1.942905 -0.512812
v -0.018611 1.928470 -0.496782
v -0.018611 1.935310 -0.515576
v -0.022047 1.920549 -0.499665
v -0.022047 1.927389 -0.518459
v -0.024701 1.912367 -0.502643
v -0.024701 1.919207 -0.521437
v -0.026553 1.903992 -0.505692
v -0.026553 1.910832 -0.524485
v -0.027587 1.895493 -0.508785
v -0.027587 1.902333 -0.527579
v -0.027795 1.886941 -0.511897
v -0.027795 1.893782 -0.530691
v -0.027173 1.878407 -0.515004
v -0.027173 1.885248 -0.533797
v -0.025729 1.869962 -0.518077
v -0.025729 1.876802 -0.536871
v -0.023473 1.861675 -0.521094
v -0.023473 1.868515 -0.539888
v -0.020425 1.853615 -0.524027
v -0.020425 1.860455 -0.542821
v -0.016609 1.845848 -0.526854
v -0.016609 1.852689 -0.545648
v -0.012057 1.838440 -0.529550
v -0.012057 1.845281 -0.548344
v -0.006808 1.831452 -0.532094
v -0.006808 1.838292 -0.550888
v -0.000904 1.824941 -0.534464
v -0.000904 1.831782 -0.553257
v 0.005606 1.818962 -0.536640
v 0.005606 1.825802 -0.555434
v 0.012667 1.813564 -0.538605
v 0.012667 1.820404 -0.557399
v 0.020221 1.808791 -0.540342
v 0.020221 1.815632 -0.559136
v 0.028206 1.804684 -0.541837
v 0.028206 1.811524 -0.560631
v 0.036555 1.801276 -0.543077
v 0.036555 1.808116 -0.561871
v 0.045200 1.798596 -0.544053
v 0.045200 1.805436 -0.562846
v 0.054068 1.796665 -0.544755
v 0.054068 1.803506 -0.563549
v 0.063086 1.795500 -0.545179
v 0.063086 1.802341 -0.563973
vn 0.0455 -0.9387 -0.3417
vn 0.1362 -0.9309 -0.3388
vn 0.2257 -0.9154 -0.3332
vn 0.3133 -0.8924 -0.3248
vn 0.3984 -0.8619 -0.3137
vn 0.4802 -0.8243 -0.3000
vn 0.5579 -0.7798 -0.2838
vn 0.6311 -0.7289 -0.2653
vn 0.6990 -0.6720 -0.2446
vn 0.7611 -0.6095 -0.2218
vn 0.8170 -0.5419 -0.1972
vn 0.8660 -0.4698 -0.1710
vn 0.9079 -0.3939 -0.1434
vn 0.9423 -0.3147 -0.1145
vn 0.9688 -0.2329 -0.0848
vn 0.9873 -0.1491 -0.0543
vn 0.9977 -0.0641 -0.0233
vn 0.9997 0.0214 0.0078
vn 0.9935 0.1067 0.0388
vn 0.9791 0.1912 0.0696
vn 0.9565 0.2741 0.0997
vn 0.9260 0.3547 0.1291
vn 0.8879 0.4323 0.1574
vn 0.8424 0.5064 0.1843
vn 0.7899 0.5763 0.2097
vn 0.7308 0.6414 0.2334
vn 0.6657 0.7012 0.2552
vn 0.5951 0.7552 0.2749
vn 0.5196 0.8029 0.2922
vn 0.4397 0.8440 0.3072
vn 0.3562 0.8780 0.3196
vn 0.2698 0.9048 0.3293
vn 0.1811 0.9242 0.3364
vn 0.0909 0.9358 0.3406
vn -0.0000 0.9397 0.3420
vn -0.0909 0.9358 0.3406
vn -0.1811 0.9242 0.3364
vn -0.2698 0.9048 0.3293
vn -0.3562 0.8780 0.3196
vn -0.4397 0.8440 0.3072
vn -0.5196 0.8029 0.2922
vn -0.5951 0.7552 0.2749
vn -0.6657 0.7012 0.2552
vn -0.7308 0.6414 0.2334
vn -0.7899 0.5763 0.2097
vn -0.8424 0.5064 0.1843
vn -0.8879 0.4323 0.1574
vn -0.9260 0.3547 0.1291
vn -0.9565 0.2741 0.0997
vn -0.9791 0.1912 0.0696
vn -0.9935 0.1067 0.0388
vn -0.9997 0.0214 0.0078
vn -0.9977 -0.0641 -0.0233
vn -0.9873 -0.1491 -0.0543
vn -0.9688 -0.2329 -0.0848
vn -0.9423 -0.3147 -0.1145
vn -0.9079 -0.3939 -0.1434
vn -0.8660 -0.4698 -0.1710
vn -0.8170 -0.5419 -0.1972
vn -0.7611 -0.6095 -0.2218
vn -0.6990 -0.6720 -0.2446
vn -0.6311 -0.7289 -0.2653
vn -0.5579 -0.7798 -0.2838
vn -0.4802 -0.8243 -0.3000
vn -0.3984 -0.8619 -0.3137
vn -0.3133 -0.8924 -0.3248
vn -0.2257 -0.9154 -0.3332
vn -0.0000 0.3420 -0.9397
vn -0.1362 -0.9309 -0.3388
vn -0.0455 -0.9387 -0.3417
vn -0.0000 -0.3420 0.9397
vt 1.000000 0.500000
vt 1.000000 1.000000
vt 0.985507 1.000000
vt 0.985507 0.500000
vt 0.971014 1.000000
vt 0.971014 0.500000
vt 0.956522 1.000000
vt 0.956522 0.500000
vt 0.942029 1.000000
vt 0.942029 0.500000
vt 0.927536 1.000000
vt 0.927536 0.500000
vt 0.913043 1.000000
vt 0.913043 0.500000
vt 0.898551 1.000000
vt 0.898551 0.500000
vt 0.884058 1.000000
vt 0.884058 0.500000
vt 0.869565 1.000000
vt 0.869565 0.500000
vt 0.855072 1.000000
vt 0.855072 0.500000
vt 0.840580 1.000000
vt 0.840580 0.500000
vt 0.826087 1.000000
vt 0.826087 0.500000
vt 0.811594 1.000000
vt 0.811594 0.500000
vt 0.797101 1.000000
vt 0.797101 0.500000
vt 0.782609 1.000000
vt 0.782609 0.500000
vt 0.768116 1.000000
vt 0.768116 0.500000
vt 0.753623 1.000000
vt 0.753623 0.500000
vt 0.739130 1.000000
vt 0.739130 0.500000
vt 0.724638 1.000000
vt 0.724638 0.500000
vt 0.710145 1.000000
vt 0.710145 0.500000
vt 0.695652 1.000000
vt 0.695652 0.500000
vt 0.681159 1.000000
vt 0.681159 0.500000
vt 0.666667 1.000000
vt 0.666667 0.500000
vt 0.652174 1.000000
vt 0.652174 0.500000
vt 0.637681 1.000000
vt 0.637681 0.500000
vt 0.623188 1.000000
vt 0.623188 0.500000
vt 0.608696 1.000000
vt 0.608696 0.500000
vt 0.594203 1.000000
vt 0.594203 0.500000
vt 0.579710 1.000000
vt 0.579710 0.500000
vt 0.565217 1.000000
vt 0.565217 0.500000
vt 0.550725 1.000000
vt 0.550725 0.500000
vt 0.536232 1.000000
vt 0.536232 0.500000
vt 0.521739 1.000000
vt 0.521739 0.500000
vt 0.507246 1.000000
vt 0.507246 0.500000
vt 0.492754 1.000000
vt 0.492754 0.500000
vt 0.478261 1.000000
vt 0.478261 0.500000
vt 0.463768 1.000000
vt 0.463768 0.500000
vt 0.449275 1.000000
vt 0.449275 0.500000
vt 0.434783 1.000000
vt 0.434783 0.500000
vt 0.420290 1.000000
vt 0.420290 0.500000
vt 0.405797 1.000000
vt 0.405797 0.500000
vt 0.391304 1.000000
vt 0.391304 0.500000
vt 0.376812 1.000000
vt 0.376812 0.500000
vt 0.362319 1.000000
vt 0.362319 0.500000
vt 0.347826 1.000000
vt 0.347826 0.500000
vt 0.333333 1.000000
vt 0.333333 0.500000
vt 0.318841 1.000000
vt 0.318841 0.500000
vt 0.304348 1.000000
vt 0.304348 0.500000
vt 0.289855 1.000000
vt 0.289855 0.500000
vt 0.275362 1.000000
vt 0.275362 0.500000
vt 0.260870 1.000000
vt 0.260870 0.500000
vt 0.246377 1.000000
vt 0.246377 0.500000
vt 0.231884 1.000000
vt 0.231884 0.500000
vt 0.217391 1.000000
vt 0.217391 0.500000
vt 0.202899 1.000000
vt 0.202899 0.500000
vt 0.188406 1.000000
vt 0.188406 0.500000
vt 0.173913 1.000000
vt 0.173913 0.500000
vt 0.159420 1.000000
vt 0.159420 0.500000
vt 0.144928 1.000000
vt 0.144928 0.500000
vt 0.130435 1.000000
vt 0.130435 0.500000
vt 0.115942 1.000000
vt 0.115942 0.500000
vt 0.101449 1.000000
vt 0.101449 0.500000
vt 0.086957 1.000000
vt 0.086957 0.500000
vt 0.072464 1.000000
vt 0.072464 0.500000
vt 0.057971 1.000000
vt 0.057971 0.500000
vt 0.043478 1.000000
vt 0.043478 0.500000
vt 0.028986 1.000000
vt 0.028986 0.500000
vt 0.271824 0.489006
vt 0.250000 0.490000
vt 0.228176 0.489006
vt 0.206532 0.486031
vt 0.185249 0.481100
vt 0.164502 0.474255
vt 0.144464 0.465551
vt 0.125300 0.455061
vt 0.107169 0.442871
vt 0.090222 0.429084
vt 0.074599 0.413813
vt 0.060430 0.397184
vt 0.047831 0.379336
vt 0.036908 0.360416
vt 0.027750 0.340581
vt 0.020434 0.319995
vt 0.015020 0.298829
vt 0.011553 0.277259
vt 0.010062 0.255463
vt 0.010560 0.233622
vt 0.013041 0.211916
vt 0.017486 0.190526
vt 0.023857 0.169629
vt 0.032103 0.149398
vt 0.042154 0.130000
vt 0.053927 0.111597
vt 0.067325 0.094340
vt 0.082237 0.078374
vt 0.098539 0.063829
vt 0.116096 0.050828
vt 0.134762 0.039476
vt 0.154384 0.029869
vt 0.174797 0.022086
vt 0.195834 0.016192
vt 0.217320 0.012235
vt 0.239076 0.010249
vt 0.260924 0.010249
vt 0.282680 0.012235
vt 0.304166 0.016192
vt 0.325203 0.022086
vt 0.345616 0.029869
vt 0.365238 0.039476
vt 0.383904 0.050828
vt 0.401461 0.063829
vt 0.417763 0.078374
vt 0.432675 0.094340
vt 0.446073 0.111597
vt 0.457846 0.130000
vt 0.467897 0.149398
vt 0.476143 0.169629
vt 0.482514 0.190526
vt 0.486959 0.211916
vt 0.489441 0.233622
vt 0.489938 0.255463
vt 0.488447 0.277259
vt 0.484980 0.298829
vt 0.479566 0.319995
vt 0.472250 0.340581
vt 0.463092 0.360416
vt 0.452169 0.379336
vt 0.439570 0.397184
vt 0.425401 0.413813
vt 0.409778 0.429084
vt 0.392831 0.442871
vt 0.374700 0.455061
vt 0.355536 0.465551
vt 0.335498 0.474255
vt 0.314751 0.481100
vt 0.293468 0.486031
vt 0.014493 1.000000
vt 0.014493 0.500000
vt 0.000000 1.000000
vt 0.000000 0.500000
vt 0.750000 0.490000
vt 0.771824 0.489006
vt 0.793468 0.486031
vt 0.814751 0.481100
vt 0.835498 0.474255
vt 0.855536 0.465551
vt 0.874700 0.455061
vt 0.892831 0.442871
vt 0.909778 0.429084
vt 0.925401 0.413813
vt 0.939570 0.397184
vt 0.952169 0.379336
vt 0.963092 0.360416
vt 0.972250 0.340581
vt 0.979566 0.319995
vt 0.984980 0.298829
vt 0.988447 0.277259
vt 0.989938 0.255463
vt 0.989441 0.233622
vt 0.986959 0.211916
vt 0.982514 0.190526
vt 0.976143 0.169629
vt 0.967897 0.149398
vt 0.957846 0.130000
vt 0.946073 0.111597
vt 0.932675 0.094340
vt 0.917763 0.078374
vt 0.901461 0.063829
vt 0.883904 0.050828
vt 0.865238 0.039476
vt 0.845616 0.029869
vt 0.825203 0.022086
vt 0.804166 0.016192
vt 0.782680 0.012235
vt 0.760924 0.010249
vt 0.739076 0.010249
vt 0.717320 0.012235
vt 0.695834 0.016192
vt 0.674797 0.022086
vt 0.654384 0.029869
vt 0.634762 0.039476
vt 0.616096 0.050828
vt 0.598539 0.063829
vt 0.582237 0.078374
vt 0.567325 0.094340
vt 0.553927 0.111597
vt 0.542154 0.130000
vt 0.532103 0.149398
vt 0.523857 0.169629
vt 0.517486 0.190526
vt 0.513041 0.211916
vt 0.510559 0.233622
vt 0.510062 0.255463
vt 0.511553 0.277259
vt 0.515020 0.298829
vt 0.520434 0.319995
vt 0.527750 0.340581
vt 0.536908 0.360416
vt 0.547831 0.379336
vt 0.560430 0.397184
vt 0.574599 0.413813
vt 0.590222 0.429084
vt 0.607169 0.442871
vt 0.625300 0.455061
vt 0.644464 0.465551
vt 0.664502 0.474255
vt 0.685249 0.481100
vt 0.706532 0.486031
vt 0.728176 0.489006
s 0
g Cylinder.007_Material.017
usemtl Material.017
f 934/1089/864 935/1090/864 937/1091/864 936/1092/864
f 936/1092/865 937/1091/865 939/1093/865 938/1094/865
f 938/1094/866 939/1093/866 941/1095/866 940/1096/866
f 940/1096/867 941/1095/867 943/1097/867 942/1098/867
f 942/1098/868 943/1097/868 945/1099/868 944/1100/868
f 944/1100/869 945/1099/869 947/1101/869 946/1102/869
f 946/1102/870 947/1101/870 949/1103/870 948/1104/870
f 948/1104/871 949/1103/871 951/1105/871 950/1106/871
f 950/1106/872 951/1105/872 953/1107/872 952/1108/872
f 952/1108/873 953/1107/873 955/1109/873 954/1110/873
f 954/1110/874 955/1109/874 957/1111/874 956/1112/874
f 956/1112/875 957/1111/875 959/1113/875 958/1114/875
f 958/1114/876 959/1113/876 961/1115/876 960/1116/876
f 960/1116/877 961/1115/877 963/1117/877 962/1118/877
f 962/1118/878 963/1117/878 965/1119/878 964/1120/878
f 964/1120/879 965/1119/879 967/1121/879 966/1122/879
f 966/1122/880 967/1121/880 969/1123/880 968/1124/880
f 968/1124/881 969/1123/881 971/1125/881 970/1126/881
f 970/1126/882 971/1125/882 973/1127/882 972/1128/882
f 972/1128/883 973/1127/883 975/1129/883 974/1130/883
f 974/1130/884 975/1129/884 977/1131/884 976/1132/884
f 976/1132/885 977/1131/885 979/1133/885 978/1134/885
f 978/1134/886 979/1133/886 981/1135/886 980/1136/886
f 980/1136/887 981/1135/887 983/1137/887 982/1138/887
f 982/1138/888 983/1137/888 985/1139/888 984/1140/888
f 984/1140/889 985/1139/889 987/1141/889 986/1142/889
f 986/1142/890 987/1141/890 989/1143/890 988/1144/890
f 988/1144/891 989/1143/891 991/1145/891 990/1146/891
f 990/1146/892 991/1145/892 993/1147/892 992/1148/892
f 992/1148/893 993/1147/893 995/1149/893 994/1150/893
f 994/1150/894 995/1149/894 997/1151/894 996/1152/894
f 996/1152/895 997/1151/895 999/1153/895 998/1154/895
f 998/1154/896 999/1153/896 1001/1155/896 1000/1156/896
f 1000/1156/897 1001/1155/897 1003/1157/897 1002/1158/897
f 1002/1158/898 1003/1157/898 1005/1159/898 1004/1160/898
f 1004/1160/899 1005/1159/899 1007/1161/899 1006/1162/899
f 1006/1162/900 1007/1161/900 1009/1163/900 1008/1164/900
f 1008/1164/901 1009/1163/901 1011/1165/901 1010/1166/901
f 1010/1166/902 1011/1165/902 1013/1167/902 1012/1168/902
f 1012/1168/903 1013/1167/903 1015/1169/903 1014/1170/903
f 1014/1170/904 1015/1169/904 1017/1171/904 1016/1172/904
f 1016/1172/905 1017/1171/905 1019/1173/905 1018/1174/905
f 1018/1174/906 1019/1173/906 1021/1175/906 1020/1176/906
f 1020/1176/907 1021/1175/907 1023/1177/907 1022/1178/907
f 1022/1178/908 1023/1177/908 1025/1179/908 1024/1180/908
f 1024/1180/909 1025/1179/909 1027/1181/909 1026/1182/909
f 1026/1182/910 1027/1181/910 1029/1183/910 1028/1184/910
f 1028/1184/911 1029/1183/911 1031/1185/911 1030/1186/911
f 1030/1186/912 1031/1185/912 1033/1187/912 1032/1188/912
f 1032/1188/913 1033/1187/913 1035/1189/913 1034/1190/913
f 1034/1190/914 1035/1189/914 1037/1191/914 1036/1192/914
f 1036/1192/915 1037/1191/915 1039/1193/915 1038/1194/915
f 1038/1194/916 1039/1193/916 1041/1195/916 1040/1196/916
f 1040/1196/917 1041/1195/917 1043/1197/917 1042/1198/917
f 1042/1198/918 1043/1197/918 1045/1199/918 1044/1200/918
f 1044/1200/919 1045/1199/919 1047/1201/919 1046/1202/919
f 1046/1202/920 1047/1201/920 1049/1203/920 1048/1204/920
f 1048/1204/921 1049/1203/921 1051/1205/921 1050/1206/921
f 1050/1206/922 1051/1205/922 1053/1207/922 1052/1208/922
f 1052/1208/923 1053/1207/923 1055/1209/923 1054/1210/923
f 1054/1210/924 1055/1209/924 1057/1211/924 1056/1212/924
f 1056/1212/925 1057/1211/925 1059/1213/925 1058/1214/925
f 1058/1214/926 1059/1213/926 1061/1215/926 1060/1216/926
f 1060/1216/927 1061/1215/927 1063/1217/927 1062/1218/927
f 1062/1218/928 1063/1217/928 1065/1219/928 1064/1220/928
f 1064/1220/929 1065/1219/929 1067/1221/929 1066/1222/929
f 1066/1222/930 1067/1221/930 1069/1223/930 1068/1224/930
f 937/1225/931 935/1226/931 1071/1227/931 1069/1228/931 1067/1229/931 1065/1230/931 1063/1231/931 1061/1232/931 1059/1233/931 1057/1234/931 1055/1235/931 1053/1236/931 1051/1237/931 1049/1238/931 1047/1239/931 1045/1240/931 1043/1241/931 1041/1242/931 1039/1243/931 1037/1244/931 1035/1245/931 1033/1246/931 1031/1247/931 1029/1248/931 1027/1249/931 1025/1250/931 1023/1251/931 1021/1252/931 1019/1253/931 1017/1254/931 1015/1255/931 1013/1256/931 1011/1257/931 1009/1258/931 1007/1259/931 1005/1260/931 1003/1261/931 1001/1262/931 999/1263/931 997/1264/931 995/1265/931 993/1266/931 991/1267/931 989/1268/931 987/1269/931 985/1270/931 983/1271/931 981/1272/931 979/1273/931 977/1274/931 975/1275/931 973/1276/931 971/1277/931 969/1278/931 967/1279/931 965/1280/931 963/1281/931 961/1282/931 959/1283/931 957/1284/931 955/1285/931 953/1286/931 951/1287/931 949/1288/931 947/1289/931 945/1290/931 943/1291/931 941/1292/931 939/1293/931
f 1068/1224/932 1069/1223/932 1071/1294/932 1070/1295/932
f 1070/1295/933 1071/1294/933 935/1296/933 934/1297/933
f 934/1298/934 936/1299/934 938/1300/934 940/1301/934 942/1302/934 944/1303/934 946/1304/934 948/1305/934 950/1306/934 952/1307/934 954/1308/934 956/1309/934 958/1310/934 960/1311/934 962/1312/934 964/1313/934 966/1314/934 968/1315/934 970/1316/934 972/1317/934 974/1318/934 976/1319/934 978/1320/934 980/1321/934 982/1322/934 984/1323/934 986/1324/934 988/1325/934 990/1326/934 992/1327/934 994/1328/934 996/1329/934 998/1330/934 1000/1331/934 1002/1332/934 1004/1333/934 1006/1334/934 1008/1335/934 1010/1336/934 1012/1337/934 1014/1338/934 1016/1339/934 1018/1340/934 1020/1341/934 1022/1342/934 1024/1343/934 1026/1344/934 1028/1345/934 1030/1346/934 1032/1347/934 1034/1348/934 1036/1349/934 1038/1350/934 1040/1351/934 1042/1352/934 1044/1353/934 1046/1354/934 1048/1355/934 1050/1356/934 1052/1357/934 1054/1358/934 1056/1359/934 1058/1360/934 1060/1361/934 1062/1362/934 1064/1363/934 1066/1364/934 1068/1365/934 1070/1366/934
o Cube.018
v 0.005410 2.665552 0.025853
v 0.026648 3.150405 0.083844
v 0.183616 2.689948 -0.483670
v 0.147004 3.244359 -0.245907
v 0.588465 2.383021 0.570170
v 0.579387 2.730040 0.320208
v 0.763869 2.394416 0.066321
v 0.749109 2.768647 -0.162208
v 0.439506 2.475259 -0.125905
v 0.496948 3.114351 -0.214575
v 0.240245 2.475307 0.448886
v 0.314125 2.991248 0.289961
v -0.073756 2.902687 0.082025
v 0.092252 2.924807 -0.392734
v 0.931197 2.549386 -0.369380
v 0.647588 2.517856 0.442863
v 0.229017 2.679831 0.468236
v 0.523325 2.709634 -0.375187
v 0.085776 2.680701 -0.272311
v -0.043561 3.051147 0.097580
v 0.067897 3.233056 -0.089477
v 0.145912 2.779408 -0.515292
v 0.293900 2.595385 -0.385655
v 0.659714 2.918284 -0.191463
v 0.880002 2.449253 -0.174991
v 0.692656 2.372886 0.355305
v 0.669913 2.742451 0.093113
v 0.627898 2.425932 0.547893
v 0.433829 2.404797 0.589549
v 0.137026 3.102213 0.192634
v 0.631278 2.407325 0.020460
v 0.299838 3.237239 -0.251966
v 0.075815 2.573535 0.239376
v 0.466674 2.843868 0.351575
v 0.409595 3.113440 0.041675
v 0.334084 2.449297 0.184042
v 0.212860 2.555369 0.515022
v 0.499128 2.554006 -0.310989
v -0.059105 2.757627 0.072052
v 0.103428 3.125471 -0.312637
v 0.860017 2.664421 -0.317948
v 0.615076 2.629844 0.382189
v 0.257807 2.833562 0.413102
v 0.529691 2.939956 -0.351436
v 0.284081 2.829098 -0.402055
v 0.434172 2.577965 0.563381
v 0.037040 2.800654 0.305276
v 0.853691 2.512349 0.024691
v 0.784115 2.614642 -0.439250
v -0.043476 2.949495 -0.196220
v -0.023823 3.119336 -0.134203
v 0.749490 2.787052 -0.394680
v 0.785451 2.612431 0.027182
v 0.071512 2.952637 0.280900
v 0.518844 2.381829 0.354795
v 0.227554 3.229570 -0.029166
v 0.552843 2.924470 0.096315
v 0.190156 2.559180 -0.081709
v 0.438804 2.714059 0.487979
v 0.298451 3.064591 -0.352961
v 0.306004 2.675507 -0.465098
v 0.420122 2.470474 0.631809
v 0.027600 2.662196 0.335508
v 0.815317 2.423680 0.190587
v 0.735320 2.482937 -0.275091
v 0.002644 2.802836 -0.281820
vn -0.9840 0.1684 -0.0585
vn -0.7990 0.5929 0.1005
vn -0.6969 0.5963 -0.3984
vn -0.7794 0.2799 -0.5605
vn -0.1378 0.1563 -0.9781
vn 0.6062 0.6876 -0.3996
vn 0.7959 0.6035 0.0491
vn 0.6656 0.4451 -0.5991
vn 0.8418 0.4874 0.2319
vn 0.8080 0.5211 0.2748
vn 0.7863 0.5105 0.3480
vn 0.7944 0.4796 0.3726
vn -0.4541 0.3111 0.8349
vn -0.1244 0.5954 0.7937
vn -0.5056 0.5487 0.6658
vn -0.8149 0.1915 0.5471
vn -0.2193 -0.9639 -0.1511
vn -0.0570 -0.9941 -0.0918
vn -0.0911 -0.9952 0.0349
vn -0.3252 -0.9453 -0.0237
vn 0.4879 0.8546 0.1779
vn 0.0236 0.9980 0.0593
vn -0.1044 0.8922 0.4394
vn 0.2610 0.8061 0.5312
vn 0.8010 0.5217 0.2936
vn 0.7313 0.6327 0.2549
vn 0.5726 0.6679 0.4755
vn 0.7517 0.5395 0.3794
vn -0.4852 -0.8338 -0.2634
vn -0.3451 -0.9147 -0.2102
vn -0.4484 -0.8884 -0.0981
vn -0.5672 -0.8038 -0.1794
vn 0.5672 0.4441 0.6935
vn 0.6300 0.5194 0.5774
vn 0.1917 0.6261 0.7558
vn -0.1528 0.4204 0.8944
vn -0.0079 0.2844 -0.9587
vn -0.0175 0.5006 -0.8655
vn 0.3830 0.5455 -0.7455
vn 0.1355 0.1472 -0.9798
vn 0.0636 -0.5400 -0.8392
vn 0.3992 0.5543 -0.7303
vn 0.3831 -0.0063 -0.9237
vn 0.0132 -0.8588 -0.5122
vn 0.2280 -0.2282 0.9465
vn 0.4731 0.5313 0.7028
vn -0.2342 0.4568 0.8582
vn -0.5868 -0.5832 0.5617
vn -0.7157 -0.6234 0.3148
vn -0.5448 0.2842 0.7890
vn -0.9251 0.0101 0.3795
vn -0.8279 -0.5583 0.0533
vn 0.4432 -0.8960 0.0275
vn 0.9758 -0.1357 0.1715
vn 0.8331 0.3610 0.4191
vn 0.7577 -0.5177 0.3974
vn -0.1519 -0.9248 -0.3487
vn -0.2344 -0.5677 -0.7892
vn 0.0272 -0.8429 -0.5374
vn -0.0320 -0.9681 -0.2483
vn -0.8196 -0.5260 -0.2273
vn -0.9751 -0.1495 -0.1637
vn -0.8283 0.1087 -0.5496
vn -0.7618 -0.5122 -0.3966
vt 0.500000 0.000000
vt 0.562500 0.000000
vt 0.562500 0.122830
vt 0.500000 0.122396
vt 0.625000 0.000000
vt 0.625000 0.125000
vt 0.625000 0.250000
vt 0.562500 0.230903
vt 0.500000 0.229167
vt 0.500000 0.375000
vt 0.562500 0.375000
vt 0.562500 0.439670
vt 0.500000 0.440104
vt 0.625000 0.375000
vt 0.625000 0.437500
vt 0.625000 0.500000
vt 0.562500 0.519097
vt 0.500000 0.520833
vt 0.562500 0.625000
vt 0.500000 0.625000
vt 0.625000 0.625000
vt 0.625000 0.750000
vt 0.562500 0.730903
vt 0.500000 0.729167
vt 0.500000 0.875000
vt 0.562500 0.875000
vt 0.562500 0.937500
vt 0.500000 0.937500
vt 0.625000 0.875000
vt 0.625000 0.937500
vt 0.625000 1.000000
vt 0.562500 1.000000
vt 0.500000 1.000000
vt 0.250000 0.500000
vt 0.312500 0.500000
vt 0.312500 0.625000
vt 0.250000 0.625000
vt 0.375000 0.500000
vt 0.375000 0.625000
vt 0.375000 0.750000
vt 0.312500 0.750000
vt 0.250000 0.750000
vt 0.750000 0.500000
vt 0.812500 0.500000
vt 0.812500 0.625000
vt 0.750000 0.625000
vt 0.875000 0.500000
vt 0.875000 0.625000
vt 0.875000 0.750000
vt 0.812500 0.750000
vt 0.750000 0.750000
vt 0.687500 0.500000
vt 0.687500 0.625000
vt 0.687500 0.750000
vt 0.125000 0.500000
vt 0.187500 0.500000
vt 0.187500 0.625000
vt 0.125000 0.625000
vt 0.187500 0.750000
vt 0.125000 0.750000
vt 0.562500 0.810330
vt 0.500000 0.809896
vt 0.625000 0.812500
vt 0.562500 0.310330
vt 0.500000 0.309896
vt 0.625000 0.312500
vt 0.375000 0.250000
vt 0.437500 0.230903
vt 0.437500 0.310330
vt 0.375000 0.312500
vt 0.437500 0.375000
vt 0.375000 0.375000
vt 0.437500 0.730903
vt 0.437500 0.810330
vt 0.375000 0.812500
vt 0.437500 0.875000
vt 0.375000 0.875000
vt 0.437500 0.937500
vt 0.375000 0.937500
vt 0.437500 1.000000
vt 0.375000 1.000000
vt 0.437500 0.519097
vt 0.437500 0.625000
vt 0.437500 0.439670
vt 0.375000 0.437500
vt 0.375000 0.000000
vt 0.437500 0.000000
vt 0.437500 0.122830
vt 0.375000 0.125000
s 0
g Cube.018_Material.012
usemtl Material.012
f 1084/1367/935 1091/1368/935 1122/1369/935 1121/1370/935
f 1091/1368/936 1073/1371/936 1092/1372/936 1122/1369/936
f 1122/1369/937 1092/1372/937 1075/1373/937 1111/1374/937
f 1121/1370/938 1122/1369/938 1111/1374/938 1085/1375/938
f 1089/1376/939 1115/1377/939 1123/1378/939 1120/1379/939
f 1115/1377/940 1081/1380/940 1095/1381/940 1123/1378/940
f 1123/1378/941 1095/1381/941 1079/1382/941 1112/1383/941
f 1120/1379/942 1123/1378/942 1112/1383/942 1086/1384/942
f 1086/1384/943 1112/1383/943 1124/1385/943 1119/1386/943
f 1112/1383/944 1079/1382/944 1098/1387/944 1124/1385/944
f 1124/1385/945 1098/1387/945 1077/1388/945 1113/1389/945
f 1119/1386/946 1124/1385/946 1113/1389/946 1087/1390/946
f 1088/1391/947 1114/1392/947 1125/1393/947 1118/1394/947
f 1114/1392/948 1083/1395/948 1101/1396/948 1125/1393/948
f 1125/1393/949 1101/1396/949 1073/1397/949 1091/1398/949
f 1118/1394/950 1125/1393/950 1091/1398/950 1084/1399/950
f 1080/1400/951 1102/1401/951 1126/1402/951 1107/1403/951
f 1102/1401/952 1078/1404/952 1097/1405/952 1126/1402/952
f 1126/1402/953 1097/1405/953 1076/1406/953 1100/1407/953
f 1107/1403/954 1126/1402/954 1100/1407/954 1082/1408/954
f 1081/1409/955 1103/1410/955 1127/1411/955 1106/1412/955
f 1103/1410/956 1075/1413/956 1092/1414/956 1127/1411/956
f 1127/1411/957 1092/1414/957 1073/1415/957 1101/1416/957
f 1106/1412/958 1127/1411/958 1101/1416/958 1083/1417/958
f 1079/1382/959 1095/1418/959 1128/1419/959 1098/1387/959
f 1095/1418/960 1081/1409/960 1106/1412/960 1128/1419/960
f 1128/1419/961 1106/1412/961 1083/1417/961 1105/1420/961
f 1098/1387/962 1128/1419/962 1105/1420/962 1077/1388/962
f 1074/1421/963 1094/1422/963 1129/1423/963 1090/1424/963
f 1094/1422/964 1080/1400/964 1107/1403/964 1129/1423/964
f 1129/1423/965 1107/1403/965 1082/1408/965 1104/1425/965
f 1090/1424/966 1129/1423/966 1104/1425/966 1072/1426/966
f 1087/1390/967 1113/1389/967 1130/1427/967 1117/1428/967
f 1113/1389/968 1077/1388/968 1105/1429/968 1130/1427/968
f 1130/1427/969 1105/1429/969 1083/1395/969 1114/1392/969
f 1117/1428/970 1130/1427/970 1114/1392/970 1088/1391/970
f 1085/1375/971 1111/1374/971 1131/1430/971 1116/1431/971
f 1111/1374/972 1075/1373/972 1103/1432/972 1131/1430/972
f 1131/1430/973 1103/1432/973 1081/1380/973 1115/1377/973
f 1116/1431/974 1131/1430/974 1115/1377/974 1089/1376/974
f 1074/1433/975 1093/1434/975 1132/1435/975 1094/1436/975
f 1093/1434/976 1085/1375/976 1116/1431/976 1132/1435/976
f 1132/1435/977 1116/1431/977 1089/1376/977 1109/1437/977
f 1094/1436/978 1132/1435/978 1109/1437/978 1080/1438/978
f 1076/1406/979 1099/1439/979 1133/1440/979 1100/1441/979
f 1099/1439/980 1087/1390/980 1117/1428/980 1133/1440/980
f 1133/1440/981 1117/1428/981 1088/1391/981 1108/1442/981
f 1100/1441/982 1133/1440/982 1108/1442/982 1082/1443/982
f 1082/1443/983 1108/1442/983 1134/1444/983 1104/1445/983
f 1108/1442/984 1088/1391/984 1118/1394/984 1134/1444/984
f 1134/1444/985 1118/1394/985 1084/1399/985 1110/1446/985
f 1104/1445/986 1134/1444/986 1110/1446/986 1072/1447/986
f 1078/1404/987 1096/1448/987 1135/1449/987 1097/1405/987
f 1096/1448/988 1086/1384/988 1119/1386/988 1135/1449/988
f 1135/1449/989 1119/1386/989 1087/1390/989 1099/1439/989
f 1097/1405/990 1135/1449/990 1099/1439/990 1076/1406/990
f 1080/1438/991 1109/1437/991 1136/1450/991 1102/1451/991
f 1109/1437/992 1089/1376/992 1120/1379/992 1136/1450/992
f 1136/1450/993 1120/1379/993 1086/1384/993 1096/1448/993
f 1102/1451/994 1136/1450/994 1096/1448/994 1078/1404/994
f 1072/1452/995 1110/1453/995 1137/1454/995 1090/1455/995
f 1110/1453/996 1084/1367/996 1121/1370/996 1137/1454/996
f 1137/1454/997 1121/1370/997 1085/1375/997 1093/1434/997
f 1090/1455/998 1137/1454/998 1093/1434/998 1074/1433/998
o Cube.019
v 0.229053 2.326499 0.375498
v 0.222273 2.842510 0.327905
v 0.310339 2.402858 0.154509
v 0.289443 2.848658 0.135288
v 0.610784 2.277833 0.522039
v 0.498952 2.575735 0.440484
v 0.691342 2.338247 0.290448
v 0.570309 2.600119 0.239172
v 0.529549 2.353508 0.188582
v 0.440596 2.819208 0.151318
v 0.416956 2.237789 0.496069
v 0.347681 2.795240 0.414891
v 0.203195 2.544832 0.376669
v 0.300027 2.588183 0.105391
v 0.657641 2.420169 0.240181
v 0.551782 2.341898 0.535191
v 0.364564 2.386209 0.543129
v 0.524940 2.521466 0.104209
v 0.253453 2.359523 0.260278
v 0.205523 2.723762 0.357435
v 0.243558 2.871882 0.226130
v 0.303423 2.473236 0.115198
v 0.400625 2.379622 0.151317
v 0.524756 2.704984 0.189167
v 0.693335 2.365662 0.257946
v 0.668514 2.307836 0.412021
v 0.540521 2.589104 0.339964
v 0.590668 2.288522 0.550470
v 0.537997 2.251613 0.532327
v 0.264225 2.851481 0.374919
v 0.642773 2.341562 0.236096
v 0.351289 2.865747 0.126422
v 0.293588 2.267936 0.440326
v 0.435024 2.679095 0.443205
v 0.385441 2.869992 0.275925
v 0.476422 2.281680 0.344028
v 0.383397 2.264322 0.554473
v 0.543305 2.422396 0.118701
v 0.203748 2.396942 0.388943
v 0.293077 2.740451 0.107975
v 0.614309 2.510173 0.228689
v 0.518771 2.459260 0.495352
v 0.346515 2.598619 0.501209
v 0.489206 2.676411 0.103862
v 0.410284 2.563367 0.075612
v 0.462827 2.343981 0.575126
v 0.263744 2.465905 0.480416
v 0.627047 2.372107 0.396358
v 0.617267 2.471997 0.149556
v 0.220981 2.585401 0.227703
v 0.223347 2.746339 0.221736
v 0.575237 2.593376 0.145890
v 0.586824 2.462015 0.369737
v 0.256356 2.674305 0.447835
v 0.599096 2.288898 0.386847
v 0.300859 2.917034 0.245570
v 0.472079 2.740137 0.308770
v 0.345337 2.304289 0.297156
v 0.437153 2.514799 0.530110
v 0.387596 2.723552 0.078374
v 0.418689 2.456113 0.086377
v 0.495304 2.259667 0.588532
v 0.269649 2.320429 0.491905
v 0.667232 2.327993 0.413465
v 0.646543 2.393861 0.166849
v 0.221183 2.450797 0.239044
vn -0.9924 0.0046 -0.1231
vn -0.9820 0.1350 -0.1322
vn -0.8554 0.1287 -0.5017
vn -0.8460 -0.0181 -0.5329
vn 0.5136 0.1322 -0.8478
vn 0.7538 0.4607 -0.4685
vn 0.9071 0.4205 0.0175
vn 0.9215 0.3621 -0.1402
vn 0.8355 0.4537 0.3101
vn 0.8706 0.3890 0.3013
vn 0.8246 0.3720 0.4263
vn 0.7729 0.4244 0.4718
vn -0.4346 0.1315 0.8910
vn -0.1894 0.3887 0.9017
vn -0.7599 0.2682 0.5921
vn -0.8484 0.0593 0.5260
vn 0.1128 -0.9324 -0.3434
vn 0.2720 -0.9370 -0.2194
vn 0.3109 -0.9447 -0.1042
vn 0.1495 -0.9676 -0.2034
vn 0.5032 0.8529 -0.1392
vn -0.3790 0.8035 -0.4590
vn -0.5645 0.8036 0.1886
vn 0.2884 0.8133 0.5053
vn 0.8463 0.4614 0.2661
vn 0.7917 0.5946 0.1403
vn 0.6607 0.5844 0.4711
vn 0.7899 0.4568 0.4090
vn -0.2612 -0.8229 -0.5046
vn -0.0235 -0.8949 -0.4456
vn -0.0809 -0.9537 -0.2897
vn -0.3951 -0.8514 -0.3450
vn 0.4707 0.3361 0.8158
vn 0.6085 0.3951 0.6882
vn 0.1932 0.4250 0.8844
vn -0.1784 0.1983 0.9638
vn -0.2804 -0.0102 -0.9598
vn -0.2318 0.2462 -0.9411
vn 0.4115 0.3975 -0.8202
vn 0.2640 0.0563 -0.9629
vn -0.2330 -0.5511 -0.8013
vn -0.2680 -0.1029 -0.9579
vn 0.2188 -0.0906 -0.9716
vn 0.0385 -0.6840 -0.7285
vn 0.3937 -0.7915 0.4674
vn 0.3215 0.3499 0.8799
vn -0.2910 0.0423 0.9558
vn -0.0415 -0.9638 0.2632
vn -0.4671 -0.8155 0.3417
vn -0.4902 0.0290 0.8711
vn -0.8444 0.0248 0.5352
vn -0.8374 -0.4768 0.2672
vn 0.9728 0.1163 0.2004
vn 0.6996 0.6461 0.3050
vn 0.5916 0.6419 0.4878
vn 0.8593 0.1129 0.4989
vn 0.1416 -0.7552 -0.6400
vn 0.4139 -0.0518 -0.9089
vn 0.8916 0.3663 -0.2663
vn 0.5391 -0.6776 -0.5003
vn -0.9075 -0.3353 -0.2531
vn -0.9926 -0.0128 -0.1210
vn -0.8322 -0.0587 -0.5513
vn -0.7355 -0.3867 -0.5564
vt 0.500000 0.000000
vt 0.562500 0.000000
vt 0.562500 0.122830
vt 0.500000 0.122396
vt 0.625000 0.000000
vt 0.625000 0.125000
vt 0.625000 0.250000
vt 0.562500 0.230903
vt 0.500000 0.229167
vt 0.500000 0.375000
vt 0.562500 0.375000
vt 0.562500 0.439670
vt 0.500000 0.440104
vt 0.625000 0.375000
vt 0.625000 0.437500
vt 0.625000 0.500000
vt 0.562500 0.519097
vt 0.500000 0.520833
vt 0.562500 0.625000
vt 0.500000 0.625000
vt 0.625000 0.625000
vt 0.625000 0.750000
vt 0.562500 0.730903
vt 0.500000 0.729167
vt 0.500000 0.875000
vt 0.562500 0.875000
vt 0.562500 0.937500
vt 0.500000 0.937500
vt 0.625000 0.875000
vt 0.625000 0.937500
vt 0.625000 1.000000
vt 0.562500 1.000000
vt 0.500000 1.000000
vt 0.250000 0.500000
vt 0.312500 0.500000
vt 0.312500 0.625000
vt 0.250000 0.625000
vt 0.375000 0.500000
vt 0.375000 0.625000
vt 0.375000 0.750000
vt 0.312500 0.750000
vt 0.250000 0.750000
vt 0.750000 0.500000
vt 0.812500 0.500000
vt 0.812500 0.625000
vt 0.750000 0.625000
vt 0.875000 0.500000
vt 0.875000 0.625000
vt 0.875000 0.750000
vt 0.812500 0.750000
vt 0.750000 0.750000
vt 0.687500 0.500000
vt 0.687500 0.625000
vt 0.687500 0.750000
vt 0.125000 0.500000
vt 0.187500 0.500000
vt 0.187500 0.625000
vt 0.125000 0.625000
vt 0.187500 0.750000
vt 0.125000 0.750000
vt 0.562500 0.810330
vt 0.500000 0.809896
vt 0.625000 0.812500
vt 0.562500 0.310330
vt 0.500000 0.309896
vt 0.625000 0.312500
vt 0.375000 0.250000
vt 0.437500 0.230903
vt 0.437500 0.310330
vt 0.375000 0.312500
vt 0.437500 0.375000
vt 0.375000 0.375000
vt 0.437500 0.730903
vt 0.437500 0.810330
vt 0.375000 0.812500
vt 0.437500 0.875000
vt 0.375000 0.875000
vt 0.437500 0.937500
vt 0.375000 0.937500
vt 0.437500 1.000000
vt 0.375000 1.000000
vt 0.437500 0.519097
vt 0.437500 0.625000
vt 0.437500 0.439670
vt 0.375000 0.437500
vt 0.375000 0.000000
vt 0.437500 0.000000
vt 0.437500 0.122830
vt 0.375000 0.125000
s 0
f 1150/1456/999 1157/1457/999 1188/1458/999 1187/1459/999
f 1157/1457/1000 1139/1460/1000 1158/1461/1000 1188/1458/1000
f 1188/1458/1001 1158/1461/1001 1141/1462/1001 1177/1463/1001
f 1187/1459/1002 1188/1458/1002 1177/1463/1002 1151/1464/1002
f 1155/1465/1003 1181/1466/1003 1189/1467/1003 1186/1468/1003
f 1181/1466/1004 1147/1469/1004 1161/1470/1004 1189/1467/1004
f 1189/1467/1005 1161/1470/1005 1145/1471/1005 1178/1472/1005
f 1186/1468/1006 1189/1467/1006 1178/1472/1006 1152/1473/1006
f 1152/1473/1007 1178/1472/1007 1190/1474/1007 1185/1475/1007
f 1178/1472/1008 1145/1471/1008 1164/1476/1008 1190/1474/1008
f 1190/1474/1009 1164/1476/1009 1143/1477/1009 1179/1478/1009
f 1185/1475/1010 1190/1474/1010 1179/1478/1010 1153/1479/1010
f 1154/1480/1011 1180/1481/1011 1191/1482/1011 1184/1483/1011
f 1180/1481/1012 1149/1484/1012 1167/1485/1012 1191/1482/1012
f 1191/1482/1013 1167/1485/1013 1139/1486/1013 1157/1487/1013
f 1184/1483/1014 1191/1482/1014 1157/1487/1014 1150/1488/1014
f 1146/1489/1015 1168/1490/1015 1192/1491/1015 1173/1492/1015
f 1168/1490/1016 1144/1493/1016 1163/1494/1016 1192/1491/1016
f 1192/1491/1017 1163/1494/1017 1142/1495/1017 1166/1496/1017
f 1173/1492/1018 1192/1491/1018 1166/1496/1018 1148/1497/1018
f 1147/1498/1019 1169/1499/1019 1193/1500/1019 1172/1501/1019
f 1169/1499/1020 1141/1502/1020 1158/1503/1020 1193/1500/1020
f 1193/1500/1021 1158/1503/1021 1139/1504/1021 1167/1505/1021
f 1172/1501/1022 1193/1500/1022 1167/1505/1022 1149/1506/1022
f 1145/1471/1023 1161/1507/1023 1194/1508/1023 1164/1476/1023
f 1161/1507/1024 1147/1498/1024 1172/1501/1024 1194/1508/1024
f 1194/1508/1025 1172/1501/1025 1149/1506/1025 1171/1509/1025
f 1164/1476/1026 1194/1508/1026 1171/1509/1026 1143/1477/1026
f 1140/1510/1027 1160/1511/1027 1195/1512/1027 1156/1513/1027
f 1160/1511/1028 1146/1489/1028 1173/1492/1028 1195/1512/1028
f 1195/1512/1029 1173/1492/1029 1148/1497/1029 1170/1514/1029
f 1156/1513/1030 1195/1512/1030 1170/1514/1030 1138/1515/1030
f 1153/1479/1031 1179/1478/1031 1196/1516/1031 1183/1517/1031
f 1179/1478/1032 1143/1477/1032 1171/1518/1032 1196/1516/1032
f 1196/1516/1033 1171/1518/1033 1149/1484/1033 1180/1481/1033
f 1183/1517/1034 1196/1516/1034 1180/1481/1034 1154/1480/1034
f 1151/1464/1035 1177/1463/1035 1197/1519/1035 1182/1520/1035
f 1177/1463/1036 1141/1462/1036 1169/1521/1036 1197/1519/1036
f 1197/1519/1037 1169/1521/1037 1147/1469/1037 1181/1466/1037
f 1182/1520/1038 1197/1519/1038 1181/1466/1038 1155/1465/1038
f 1140/1522/1039 1159/1523/1039 1198/1524/1039 1160/1525/1039
f 1159/1523/1040 1151/1464/1040 1182/1520/1040 1198/1524/1040
f 1198/1524/1041 1182/1520/1041 1155/1465/1041 1175/1526/1041
f 1160/1525/1042 1198/1524/1042 1175/1526/1042 1146/1527/1042
f 1142/1495/1043 1165/1528/1043 1199/1529/1043 1166/1530/1043
f 1165/1528/1044 1153/1479/1044 1183/1517/1044 1199/1529/1044
f 1199/1529/1045 1183/1517/1045 1154/1480/1045 1174/1531/1045
f 1166/1530/1046 1199/1529/1046 1174/1531/1046 1148/1532/1046
f 1148/1532/1047 1174/1531/1047 1200/1533/1047 1170/1534/1047
f 1174/1531/1048 1154/1480/1048 1184/1483/1048 1200/1533/1048
f 1200/1533/1049 1184/1483/1049 1150/1488/1049 1176/1535/1049
f 1170/1534/1050 1200/1533/1050 1176/1535/1050 1138/1536/1050
f 1144/1493/1051 1162/1537/1051 1201/1538/1051 1163/1494/1051
f 1162/1537/1052 1152/1473/1052 1185/1475/1052 1201/1538/1052
f 1201/1538/1053 1185/1475/1053 1153/1479/1053 1165/1528/1053
f 1163/1494/1054 1201/1538/1054 1165/1528/1054 1142/1495/1054
f 1146/1527/1055 1175/1526/1055 1202/1539/1055 1168/1540/1055
f 1175/1526/1056 1155/1465/1056 1186/1468/1056 1202/1539/1056
f 1202/1539/1057 1186/1468/1057 1152/1473/1057 1162/1537/1057
f 1168/1540/1058 1202/1539/1058 1162/1537/1058 1144/1493/1058
f 1138/1541/1059 1176/1542/1059 1203/1543/1059 1156/1544/1059
f 1176/1542/1060 1150/1456/1060 1187/1459/1060 1203/1543/1060
f 1203/1543/1061 1187/1459/1061 1151/1464/1061 1159/1523/1061
f 1156/1544/1062 1203/1543/1062 1159/1523/1062 1140/1522/1062
o Cube.020
v 0.327608 2.149382 0.322548
v 0.107933 2.683021 0.205577
v 0.398302 2.159672 0.120535
v 0.173879 2.681818 0.015129
v 0.541094 2.075772 0.397394
v 0.305794 2.708084 0.273642
v 0.611788 2.086063 0.195381
v 0.371739 2.706881 0.083194
v 0.557340 2.064816 0.142466
v 0.251927 2.711573 0.007572
v 0.461499 2.047264 0.415671
v 0.163208 2.711262 0.263430
v 0.173611 2.391158 0.279681
v 0.263912 2.395300 0.019968
v 0.539355 2.410837 0.114991
v 0.449053 2.406695 0.374705
v 0.310928 2.296583 0.418655
v 0.450337 2.312375 0.019447
v 0.361913 2.147900 0.222220
v 0.121674 2.567096 0.244401
v 0.130184 2.708785 0.105248
v 0.341227 2.247233 0.062314
v 0.477016 2.108532 0.119697
v 0.319700 2.718586 0.036457
v 0.597494 2.210288 0.151441
v 0.585591 2.059701 0.300794
v 0.335898 2.734018 0.176026
v 0.508707 2.200627 0.405763
v 0.514211 2.038623 0.425217
v 0.117518 2.704999 0.240014
v 0.605471 2.054271 0.164872
v 0.202079 2.704430 -0.004015
v 0.385755 2.092884 0.380043
v 0.235138 2.719156 0.280487
v 0.179394 2.780383 0.121792
v 0.526523 2.026699 0.286894
v 0.390944 2.134897 0.450534
v 0.527281 2.156657 0.061294
v 0.252439 2.237571 0.316636
v 0.206434 2.567005 -0.000111
v 0.451866 2.598479 0.084314
v 0.367107 2.598569 0.328825
v 0.220495 2.519282 0.360393
v 0.350601 2.525955 -0.013668
v 0.358429 2.341938 -0.005851
v 0.384724 2.339410 0.427667
v 0.226345 2.330475 0.373028
v 0.508825 2.434061 0.246546
v 0.516808 2.350872 0.048787
v 0.192066 2.416194 0.137269
v 0.145496 2.583015 0.113322
v 0.418733 2.556568 0.016497
v 0.426134 2.618899 0.209858
v 0.153315 2.534703 0.323462
v 0.573272 2.006684 0.302386
v 0.139910 2.765723 0.108087
v 0.250087 2.777827 0.146014
v 0.450541 2.073857 0.259010
v 0.295159 2.552800 0.372256
v 0.276889 2.538471 -0.032296
v 0.436927 2.195100 0.036851
v 0.455734 2.154144 0.458683
v 0.307412 2.176950 0.407079
v 0.564279 2.218654 0.280294
v 0.585248 2.172294 0.088456
v 0.271087 2.262047 0.178310
vn -0.9345 -0.3013 -0.1896
vn -0.9625 -0.1584 -0.2202
vn -0.8909 -0.1647 -0.4232
vn -0.8433 -0.3158 -0.4348
vn 0.3872 0.0390 -0.9212
vn 0.3142 0.2860 -0.9053
vn 0.6449 0.4693 -0.6032
vn 0.7889 0.2850 -0.5444
vn 0.8941 0.4307 0.1226
vn 0.7855 0.6125 0.0881
vn 0.6733 0.6162 0.4087
vn 0.7741 0.4384 0.4567
vn -0.4661 0.0447 0.8836
vn -0.4281 0.3123 0.8481
vn -0.9403 -0.0175 0.3399
vn -0.9174 -0.2290 0.3254
vn -0.1716 -0.9313 -0.3214
vn 0.9537 -0.2607 0.1499
vn 0.8610 -0.2257 0.4557
vn -0.2895 -0.9555 0.0566
vn -0.0591 0.8498 -0.5237
vn -0.7991 0.2710 -0.5366
vn -0.9584 0.2734 -0.0824
vn -0.3664 0.8595 0.3563
vn 0.4396 0.8857 -0.1490
vn 0.1347 0.8945 -0.4263
vn -0.1500 0.9036 0.4013
vn 0.2570 0.8908 0.3746
vn -0.5319 -0.7949 -0.2919
vn -0.4037 -0.8633 -0.3030
vn -0.4833 -0.8681 -0.1135
vn -0.5827 -0.7907 -0.1876
vn 0.3243 0.3563 0.8763
vn 0.1686 0.5202 0.8373
vn -0.2801 0.3740 0.8841
vn -0.2181 0.1609 0.9626
vn -0.4370 -0.2732 -0.8570
vn -0.4631 -0.0398 -0.8854
vn 0.2402 0.2506 -0.9378
vn 0.2490 -0.0305 -0.9680
vn -0.4915 -0.6971 -0.5220
vn -0.4605 -0.4619 -0.7580
vn 0.2014 -0.1663 -0.9653
vn -0.1432 -0.6997 -0.6999
vn 0.6457 0.1126 0.7553
vn 0.4712 0.2895 0.8331
vn -0.1682 0.1045 0.9802
vn -0.1047 -0.3761 0.9206
vn -0.5912 -0.6729 0.4446
vn -0.4914 -0.0696 0.8681
vn -0.8810 -0.4004 0.2520
vn -0.7435 -0.6675 0.0401
vn 0.9506 0.1775 0.2547
vn 0.9374 0.2888 0.1944
vn 0.8474 0.2989 0.4389
vn 0.8951 0.1867 0.4050
vn 0.3877 -0.4923 -0.7793
vn 0.4259 -0.0353 -0.9041
vn 0.8893 0.2159 -0.4032
vn 0.9757 0.0312 -0.2170
vn -0.7258 -0.6505 -0.2237
vn -0.8508 -0.4867 -0.1983
vn -0.7692 -0.5057 -0.3907
vn -0.6780 -0.6605 -0.3226
vt 0.500000 0.000000
vt 0.562500 0.000000
vt 0.562500 0.122830
vt 0.500000 0.122396
vt 0.625000 0.000000
vt 0.625000 0.125000
vt 0.625000 0.250000
vt 0.562500 0.230903
vt 0.500000 0.229167
vt 0.500000 0.375000
vt 0.562500 0.375000
vt 0.562500 0.439670
vt 0.500000 0.440104
vt 0.625000 0.375000
vt 0.625000 0.437500
vt 0.625000 0.500000
vt 0.562500 0.519097
vt 0.500000 0.520833
vt 0.562500 0.625000
vt 0.500000 0.625000
vt 0.625000 0.625000
vt 0.625000 0.750000
vt 0.562500 0.730903
vt 0.500000 0.729167
vt 0.500000 0.875000
vt 0.562500 0.875000
vt 0.562500 0.937500
vt 0.500000 0.937500
vt 0.625000 0.875000
vt 0.625000 0.937500
vt 0.625000 1.000000
vt 0.562500 1.000000
vt 0.500000 1.000000
vt 0.250000 0.500000
vt 0.312500 0.500000
vt 0.312500 0.625000
vt 0.250000 0.625000
vt 0.375000 0.500000
vt 0.375000 0.625000
vt 0.375000 0.750000
vt 0.312500 0.750000
vt 0.250000 0.750000
vt 0.750000 0.500000
vt 0.812500 0.500000
vt 0.812500 0.625000
vt 0.750000 0.625000
vt 0.875000 0.500000
vt 0.875000 0.625000
vt 0.875000 0.750000
vt 0.812500 0.750000
vt 0.750000 0.750000
vt 0.687500 0.500000
vt 0.687500 0.625000
vt 0.687500 0.750000
vt 0.125000 0.500000
vt 0.187500 0.500000
vt 0.187500 0.625000
vt 0.125000 0.625000
vt 0.187500 0.750000
vt 0.125000 0.750000
vt 0.562500 0.810330
vt 0.500000 0.809896
vt 0.625000 0.812500
vt 0.562500 0.310330
vt 0.500000 0.309896
vt 0.625000 0.312500
vt 0.375000 0.250000
vt 0.437500 0.230903
vt 0.437500 0.310330
vt 0.375000 0.312500
vt 0.437500 0.375000
vt 0.375000 0.375000
vt 0.437500 0.730903
vt 0.437500 0.810330
vt 0.375000 0.812500
vt 0.437500 0.875000
vt 0.375000 0.875000
vt 0.437500 0.937500
vt 0.375000 0.937500
vt 0.437500 1.000000
vt 0.375000 1.000000
vt 0.437500 0.519097
vt 0.437500 0.625000
vt 0.437500 0.439670
vt 0.375000 0.437500
vt 0.375000 0.000000
vt 0.437500 0.000000
vt 0.437500 0.122830
vt 0.375000 0.125000
s 0
g Cube.020_Material.013
usemtl Material.013
f 1216/1545/1063 1223/1546/1063 1254/1547/1063 1253/1548/1063
f 1223/1546/1064 1205/1549/1064 1224/1550/1064 1254/1547/1064
f 1254/1547/1065 1224/1550/1065 1207/1551/1065 1243/1552/1065
f 1253/1548/1066 1254/1547/1066 1243/1552/1066 1217/1553/1066
f 1221/1554/1067 1247/1555/1067 1255/1556/1067 1252/1557/1067
f 1247/1555/1068 1213/1558/1068 1227/1559/1068 1255/1556/1068
f 1255/1556/1069 1227/1559/1069 1211/1560/1069 1244/1561/1069
f 1252/1557/1070 1255/1556/1070 1244/1561/1070 1218/1562/1070
f 1218/1562/1071 1244/1561/1071 1256/1563/1071 1251/1564/1071
f 1244/1561/1072 1211/1560/1072 1230/1565/1072 1256/1563/1072
f 1256/1563/1073 1230/1565/1073 1209/1566/1073 1245/1567/1073
f 1251/1564/1074 1256/1563/1074 1245/1567/1074 1219/1568/1074
f 1220/1569/1075 1246/1570/1075 1257/1571/1075 1250/1572/1075
f 1246/1570/1076 1215/1573/1076 1233/1574/1076 1257/1571/1076
f 1257/1571/1077 1233/1574/1077 1205/1575/1077 1223/1576/1077
f 1250/1572/1078 1257/1571/1078 1223/1576/1078 1216/1577/1078
f 1212/1578/1079 1234/1579/1079 1258/1580/1079 1239/1581/1079
f 1234/1579/1080 1210/1582/1080 1229/1583/1080 1258/1580/1080
f 1258/1580/1081 1229/1583/1081 1208/1584/1081 1232/1585/1081
f 1239/1581/1082 1258/1580/1082 1232/1585/1082 1214/1586/1082
f 1213/1587/1083 1235/1588/1083 1259/1589/1083 1238/1590/1083
f 1235/1588/1084 1207/1591/1084 1224/1592/1084 1259/1589/1084
f 1259/1589/1085 1224/1592/1085 1205/1593/1085 1233/1594/1085
f 1238/1590/1086 1259/1589/1086 1233/1594/1086 1215/1595/1086
f 1211/1560/1087 1227/1596/1087 1260/1597/1087 1230/1565/1087
f 1227/1596/1088 1213/1587/1088 1238/1590/1088 1260/1597/1088
f 1260/1597/1089 1238/1590/1089 1215/1595/1089 1237/1598/1089
f 1230/1565/1090 1260/1597/1090 1237/1598/1090 1209/1566/1090
f 1206/1599/1091 1226/1600/1091 1261/1601/1091 1222/1602/1091
f 1226/1600/1092 1212/1578/1092 1239/1581/1092 1261/1601/1092
f 1261/1601/1093 1239/1581/1093 1214/1586/1093 1236/1603/1093
f 1222/1602/1094 1261/1601/1094 1236/1603/1094 1204/1604/1094
f 1219/1568/1095 1245/1567/1095 1262/1605/1095 1249/1606/1095
f 1245/1567/1096 1209/1566/1096 1237/1607/1096 1262/1605/1096
f 1262/1605/1097 1237/1607/1097 1215/1573/1097 1246/1570/1097
f 1249/1606/1098 1262/1605/1098 1246/1570/1098 1220/1569/1098
f 1217/1553/1099 1243/1552/1099 1263/1608/1099 1248/1609/1099
f 1243/1552/1100 1207/1551/1100 1235/1610/1100 1263/1608/1100
f 1263/1608/1101 1235/1610/1101 1213/1558/1101 1247/1555/1101
f 1248/1609/1102 1263/1608/1102 1247/1555/1102 1221/1554/1102
f 1206/1611/1103 1225/1612/1103 1264/1613/1103 1226/1614/1103
f 1225/1612/1104 1217/1553/1104 1248/1609/1104 1264/1613/1104
f 1264/1613/1105 1248/1609/1105 1221/1554/1105 1241/1615/1105
f 1226/1614/1106 1264/1613/1106 1241/1615/1106 1212/1616/1106
f 1208/1584/1107 1231/1617/1107 1265/1618/1107 1232/1619/1107
f 1231/1617/1108 1219/1568/1108 1249/1606/1108 1265/1618/1108
f 1265/1618/1109 1249/1606/1109 1220/1569/1109 1240/1620/1109
f 1232/1619/1110 1265/1618/1110 1240/1620/1110 1214/1621/1110
f 1214/1621/1111 1240/1620/1111 1266/1622/1111 1236/1623/1111
f 1240/1620/1112 1220/1569/1112 1250/1572/1112 1266/1622/1112
f 1266/1622/1113 1250/1572/1113 1216/1577/1113 1242/1624/1113
f 1236/1623/1114 1266/1622/1114 1242/1624/1114 1204/1625/1114
f 1210/1582/1115 1228/1626/1115 1267/1627/1115 1229/1583/1115
f 1228/1626/1116 1218/1562/1116 1251/1564/1116 1267/1627/1116
f 1267/1627/1117 1251/1564/1117 1219/1568/1117 1231/1617/1117
f 1229/1583/1118 1267/1627/1118 1231/1617/1118 1208/1584/1118
f 1212/1616/1119 1241/1615/1119 1268/1628/1119 1234/1629/1119
f 1241/1615/1120 1221/1554/1120 1252/1557/1120 1268/1628/1120
f 1268/1628/1121 1252/1557/1121 1218/1562/1121 1228/1626/1121
f 1234/1629/1122 1268/1628/1122 1228/1626/1122 1210/1582/1122
f 1204/1630/1123 1242/1631/1123 1269/1632/1123 1222/1633/1123
f 1242/1631/1124 1216/1545/1124 1253/1548/1124 1269/1632/1124
f 1269/1632/1125 1253/1548/1125 1217/1553/1125 1225/1612/1125
f 1222/1633/1126 1269/1632/1126 1225/1612/1126 1206/1611/1126
o Cube.021
v -0.221131 2.179229 0.148056
v 0.101319 2.684493 0.208390
v -0.157208 2.189581 -0.053953
v 0.132158 2.683134 0.014794
v -0.472315 2.103592 0.092693
v -0.140555 2.722893 0.143080
v -0.430424 2.107324 -0.105171
v -0.081554 2.721685 -0.048501
v -0.351634 2.090869 -0.117506
v 0.075250 2.718501 -0.037038
v -0.405950 2.082241 0.146602
v -0.006048 2.717834 0.220190
v -0.022517 2.403894 0.215182
v 0.061267 2.409061 -0.044610
v -0.301597 2.427343 -0.129524
v -0.371044 2.425629 0.131789
v -0.258187 2.323921 0.240893
v -0.135490 2.339627 -0.160264
v -0.189024 2.177761 0.047999
v 0.056610 2.571962 0.226086
v 0.130899 2.708760 0.115168
v -0.056889 2.270917 -0.063750
v -0.249373 2.139410 -0.096751
v -0.003607 2.730073 -0.054434
v -0.384709 2.232188 -0.135097
v -0.459235 2.084875 -0.008269
v -0.105760 2.747976 0.048098
v -0.446097 2.226569 0.118548
v -0.459035 2.071825 0.126485
v 0.058847 2.707885 0.229658
v -0.404472 2.078695 -0.127211
v 0.121875 2.707182 -0.016604
v -0.315152 2.126531 0.160150
v -0.080363 2.730450 0.190981
v 0.069912 2.783348 0.100201
v -0.393908 2.057866 0.010725
v -0.359087 2.168409 0.215887
v -0.257754 2.186875 -0.171360
v -0.138778 2.260713 0.190731
v 0.121241 2.572700 -0.020083
v -0.183845 2.612698 -0.098207
v -0.253592 2.613909 0.147913
v -0.132155 2.535425 0.255947
v -0.015053 2.542490 -0.120093
v -0.025302 2.363635 -0.124945
v -0.335775 2.365293 0.207773
v -0.145844 2.351561 0.254979
v -0.347875 2.450953 -0.004975
v -0.225188 2.375605 -0.173433
v 0.050497 2.426008 0.092608
v 0.110700 2.586036 0.108019
v -0.102458 2.573931 -0.135157
v -0.232525 2.633772 0.018523
v -0.038682 2.545288 0.267508
v -0.443706 2.036696 -0.002917
v 0.117128 2.765695 0.113060
v -0.009319 2.785723 0.076910
v -0.301893 2.107334 0.027359
v -0.210095 2.570418 0.222815
v 0.068500 2.549572 -0.090018
v -0.146936 2.224335 -0.140933
v -0.424035 2.185882 0.187888
v -0.254513 2.206547 0.229154
v -0.424397 2.241901 -0.012633
v -0.329189 2.199892 -0.181466
v -0.069300 2.282595 0.070889
vn 0.8382 -0.3868 0.3845
vn 0.9169 -0.2386 0.3198
vn 0.9865 -0.1453 0.0757
vn 0.9265 -0.3582 0.1153
vn 0.1861 0.0787 -0.9794
vn 0.2579 0.3051 -0.9167
vn -0.1298 0.5152 -0.8472
vn -0.2712 0.3337 -0.9028
vn -0.7491 0.5329 -0.3935
vn -0.5838 0.7273 -0.3609
vn -0.6799 0.7330 -0.0224
vn -0.8437 0.5346 -0.0495
vn -0.1244 0.0040 0.9922
vn -0.1260 0.2845 0.9504
vn 0.4146 -0.0307 0.9095
vn 0.4200 -0.2723 0.8657
vn 0.3386 -0.9262 -0.1658
vn -0.8484 -0.3776 -0.3710
vn -0.9350 -0.3530 -0.0328
vn 0.2141 -0.9482 0.2348
vn 0.3921 0.8406 -0.3737
vn 0.9638 0.2577 -0.0691
vn 0.7663 0.4208 0.4855
vn 0.1093 0.8547 0.5075
vn -0.1954 0.9145 -0.3544
vn 0.1814 0.9000 -0.3963
vn -0.0585 0.9016 0.4285
vn -0.3518 0.9195 0.1753
vn 0.5024 -0.8644 0.0196
vn 0.4583 -0.8870 -0.0566
vn 0.4244 -0.8866 0.1838
vn 0.4985 -0.8496 0.1725
vn -0.6891 0.3768 0.6190
vn -0.5379 0.5701 0.6210
vn -0.2525 0.3655 0.8959
vn -0.3323 0.1333 0.9337
vn 0.7639 -0.2337 -0.6015
vn 0.8492 0.0097 -0.5280
vn 0.3562 0.2666 -0.8956
vn 0.3187 0.0074 -0.9478
vn 0.5752 -0.7807 -0.2440
vn 0.6982 -0.5446 -0.4647
vn 0.3277 -0.1878 -0.9259
vn 0.4242 -0.7417 -0.5195
vn -0.9189 0.0964 0.3826
vn -0.7984 0.2988 0.5227
vn -0.3642 0.0814 0.9277
vn -0.3665 -0.3988 0.8406
vn 0.2014 -0.7002 0.6849
vn -0.0940 -0.1020 0.9903
vn 0.4602 -0.4885 0.7413
vn 0.4889 -0.7458 0.4525
vn -0.9321 0.2326 -0.2776
vn -0.8674 0.3540 -0.3496
vn -0.9308 0.3509 -0.1026
vn -0.9639 0.2215 -0.1476
vn 0.1309 -0.5216 -0.8431
vn 0.1328 -0.0338 -0.9906
vn -0.4331 0.2503 -0.8659
vn -0.6246 0.0404 -0.7799
vn 0.6225 -0.7517 0.2178
vn 0.7111 -0.6345 0.3028
vn 0.7475 -0.6509 0.1323
vn 0.6372 -0.7615 0.1187
vt 0.500000 0.000000
vt 0.562500 0.000000
vt 0.562500 0.122830
vt 0.500000 0.122396
vt 0.625000 0.000000
vt 0.625000 0.125000
vt 0.625000 0.250000
vt 0.562500 0.230903
vt 0.500000 0.229167
vt 0.500000 0.375000
vt 0.562500 0.375000
vt 0.562500 0.439670
vt 0.500000 0.440104
vt 0.625000 0.375000
vt 0.625000 0.437500
vt 0.625000 0.500000
vt 0.562500 0.519097
vt 0.500000 0.520833
vt 0.562500 0.625000
vt 0.500000 0.625000
vt 0.625000 0.625000
vt 0.625000 0.750000
vt 0.562500 0.730903
vt 0.500000 0.729167
vt 0.500000 0.875000
vt 0.562500 0.875000
vt 0.562500 0.937500
vt 0.500000 0.937500
vt 0.625000 0.875000
vt 0.625000 0.937500
vt 0.625000 1.000000
vt 0.562500 1.000000
vt 0.500000 1.000000
vt 0.250000 0.500000
vt 0.312500 0.500000
vt 0.312500 0.625000
vt 0.250000 0.625000
vt 0.375000 0.500000
vt 0.375000 0.625000
vt 0.375000 0.750000
vt 0.312500 0.750000
vt 0.250000 0.750000
vt 0.750000 0.500000
vt 0.812500 0.500000
vt 0.812500 0.625000
vt 0.750000 0.625000
vt 0.875000 0.500000
vt 0.875000 0.625000
vt 0.875000 0.750000
vt 0.812500 0.750000
vt 0.750000 0.750000
vt 0.687500 0.500000
vt 0.687500 0.625000
vt 0.687500 0.750000
vt 0.125000 0.500000
vt 0.187500 0.500000
vt 0.187500 0.625000
vt 0.125000 0.625000
vt 0.187500 0.750000
vt 0.125000 0.750000
vt 0.562500 0.810330
vt 0.500000 0.809896
vt 0.625000 0.812500
vt 0.562500 0.310330
vt 0.500000 0.309896
vt 0.625000 0.312500
vt 0.375000 0.250000
vt 0.437500 0.230903
vt 0.437500 0.310330
vt 0.375000 0.312500
vt 0.437500 0.375000
vt 0.375000 0.375000
vt 0.437500 0.730903
vt 0.437500 0.810330
vt 0.375000 0.812500
vt 0.437500 0.875000
vt 0.375000 0.875000
vt 0.437500 0.937500
vt 0.375000 0.937500
vt 0.437500 1.000000
vt 0.375000 1.000000
vt 0.437500 0.519097
vt 0.437500 0.625000
vt 0.437500 0.439670
vt 0.375000 0.437500
vt 0.375000 0.000000
vt 0.437500 0.000000
vt 0.437500 0.122830
vt 0.375000 0.125000
s 0
g Cube.021_Material.011
usemtl Material.011
f 1282/1634/1127 1319/1637/1127 1320/1636/1127 1289/1635/1127
f 1289/1635/1128 1320/1636/1128 1290/1639/1128 1271/1638/1128
f 1320/1636/1129 1309/1641/1129 1273/1640/1129 1290/1639/1129
f 1319/1637/1130 1283/1642/1130 1309/1641/1130 1320/1636/1130
f 1287/1643/1131 1318/1646/1131 1321/1645/1131 1313/1644/1131
f 1313/1644/1132 1321/1645/1132 1293/1648/1132 1279/1647/1132
f 1321/1645/1133 1310/1650/1133 1277/1649/1133 1293/1648/1133
f 1318/1646/1134 1284/1651/1134 1310/1650/1134 1321/1645/1134
f 1284/1651/1135 1317/1653/1135 1322/1652/1135 1310/1650/1135
f 1310/1650/1136 1322/1652/1136 1296/1654/1136 1277/1649/1136
f 1322/1652/1137 1311/1656/1137 1275/1655/1137 1296/1654/1137
f 1317/1653/1138 1285/1657/1138 1311/1656/1138 1322/1652/1138
f 1286/1658/1139 1316/1661/1139 1323/1660/1139 1312/1659/1139
f 1312/1659/1140 1323/1660/1140 1299/1663/1140 1281/1662/1140
f 1323/1660/1141 1289/1665/1141 1271/1664/1141 1299/1663/1141
f 1316/1661/1142 1282/1666/1142 1289/1665/1142 1323/1660/1142
f 1278/1667/1143 1305/1670/1143 1324/1669/1143 1300/1668/1143
f 1300/1668/1144 1324/1669/1144 1295/1672/1144 1276/1671/1144
f 1324/1669/1145 1298/1674/1145 1274/1673/1145 1295/1672/1145
f 1305/1670/1146 1280/1675/1146 1298/1674/1146 1324/1669/1146
f 1279/1676/1147 1304/1679/1147 1325/1678/1147 1301/1677/1147
f 1301/1677/1148 1325/1678/1148 1290/1681/1148 1273/1680/1148
f 1325/1678/1149 1299/1683/1149 1271/1682/1149 1290/1681/1149
f 1304/1679/1150 1281/1684/1150 1299/1683/1150 1325/1678/1150
f 1277/1649/1151 1296/1654/1151 1326/1686/1151 1293/1685/1151
f 1293/1685/1152 1326/1686/1152 1304/1679/1152 1279/1676/1152
f 1326/1686/1153 1303/1687/1153 1281/1684/1153 1304/1679/1153
f 1296/1654/1154 1275/1655/1154 1303/1687/1154 1326/1686/1154
f 1272/1688/1155 1288/1691/1155 1327/1690/1155 1292/1689/1155
f 1292/1689/1156 1327/1690/1156 1305/1670/1156 1278/1667/1156
f 1327/1690/1157 1302/1692/1157 1280/1675/1157 1305/1670/1157
f 1288/1691/1158 1270/1693/1158 1302/1692/1158 1327/1690/1158
f 1285/1657/1159 1315/1695/1159 1328/1694/1159 1311/1656/1159
f 1311/1656/1160 1328/1694/1160 1303/1696/1160 1275/1655/1160
f 1328/1694/1161 1312/1659/1161 1281/1662/1161 1303/1696/1161
f 1315/1695/1162 1286/1658/1162 1312/1659/1162 1328/1694/1162
f 1283/1642/1163 1314/1698/1163 1329/1697/1163 1309/1641/1163
f 1309/1641/1164 1329/1697/1164 1301/1699/1164 1273/1640/1164
f 1329/1697/1165 1313/1644/1165 1279/1647/1165 1301/1699/1165
f 1314/1698/1166 1287/1643/1166 1313/1644/1166 1329/1697/1166
f 1272/1700/1167 1292/1703/1167 1330/1702/1167 1291/1701/1167
f 1291/1701/1168 1330/1702/1168 1314/1698/1168 1283/1642/1168
f 1330/1702/1169 1307/1704/1169 1287/1643/1169 1314/1698/1169
f 1292/1703/1170 1278/1705/1170 1307/1704/1170 1330/1702/1170
f 1274/1673/1171 1298/1708/1171 1331/1707/1171 1297/1706/1171
f 1297/1706/1172 1331/1707/1172 1315/1695/1172 1285/1657/1172
f 1331/1707/1173 1306/1709/1173 1286/1658/1173 1315/1695/1173
f 1298/1708/1174 1280/1710/1174 1306/1709/1174 1331/1707/1174
f 1280/1710/1175 1302/1712/1175 1332/1711/1175 1306/1709/1175
f 1306/1709/1176 1332/1711/1176 1316/1661/1176 1286/1658/1176
f 1332/1711/1177 1308/1713/1177 1282/1666/1177 1316/1661/1177
f 1302/1712/1178 1270/1714/1178 1308/1713/1178 1332/1711/1178
f 1276/1671/1179 1295/1672/1179 1333/1716/1179 1294/1715/1179
f 1294/1715/1180 1333/1716/1180 1317/1653/1180 1284/1651/1180
f 1333/1716/1181 1297/1706/1181 1285/1657/1181 1317/1653/1181
f 1295/1672/1182 1274/1673/1182 1297/1706/1182 1333/1716/1182
f 1278/1705/1183 1300/1718/1183 1334/1717/1183 1307/1704/1183
f 1307/1704/1184 1334/1717/1184 1318/1646/1184 1287/1643/1184
f 1334/1717/1185 1294/1715/1185 1284/1651/1185 1318/1646/1185
f 1300/1718/1186 1276/1671/1186 1294/1715/1186 1334/1717/1186
f 1270/1719/1187 1288/1722/1187 1335/1721/1187 1308/1720/1187
f 1308/1720/1188 1335/1721/1188 1319/1637/1188 1282/1634/1188
f 1335/1721/1189 1291/1701/1189 1283/1642/1189 1319/1637/1189
f 1288/1722/1190 1272/1700/1190 1291/1701/1190 1335/1721/1190
o Cube.022
v -0.144185 2.348117 0.253354
v -0.068812 2.852905 0.239213
v -0.043633 2.425616 0.031797
v -0.004531 2.858673 0.045998
v -0.588460 2.302982 0.151797
v -0.400329 2.608530 0.153555
v -0.520488 2.357055 -0.082714
v -0.329218 2.633519 -0.049641
v -0.277505 2.391371 -0.075624
v -0.138630 2.842581 -0.033988
v -0.390010 2.275876 0.233916
v -0.229912 2.818557 0.230615
v -0.109796 2.560223 0.277802
v 0.015884 2.606451 0.006887
v -0.451488 2.441285 -0.102859
v -0.529905 2.375652 0.193520
v -0.367130 2.418492 0.308222
v -0.203168 2.555399 -0.133869
v -0.080283 2.379653 0.148363
v -0.084297 2.735626 0.268134
v -0.021602 2.880339 0.146754
v -0.005955 2.493126 0.007945
v -0.134698 2.409241 -0.027036
v -0.246836 2.735020 -0.058749
v -0.496581 2.386724 -0.110309
v -0.571323 2.330034 0.028975
v -0.369518 2.622537 0.048542
v -0.579417 2.319671 0.183976
v -0.521285 2.287776 0.196145
v -0.132924 2.866206 0.251424
v -0.424120 2.374314 -0.102316
v -0.048212 2.880220 0.002107
v -0.249713 2.297214 0.263646
v -0.335202 2.708946 0.196814
v -0.168250 2.891138 0.100295
v -0.339083 2.320070 0.077928
v -0.396268 2.301216 0.301498
v -0.237729 2.458992 -0.137071
v -0.128297 2.415459 0.281761
v 0.018013 2.754292 0.018559
v -0.386872 2.536920 -0.085573
v -0.466645 2.492172 0.183141
v -0.306188 2.625625 0.292947
v -0.161271 2.704715 -0.106584
v -0.074770 2.589502 -0.085635
v -0.474456 2.379851 0.275701
v -0.236917 2.489558 0.320788
v -0.512633 2.400928 0.038839
v -0.337394 2.501990 -0.152842
v -0.014779 2.598129 0.151061
v -0.005643 2.756029 0.150922
v -0.282782 2.622591 -0.127019
v -0.447750 2.493860 0.042051
v -0.191033 2.692861 0.307259
v -0.481834 2.323987 0.043443
v -0.077324 2.929783 0.129164
v -0.277358 2.768113 0.069641
v -0.194575 2.333704 0.119480
v -0.410489 2.546898 0.259842
v -0.051486 2.743786 -0.063434
v -0.100223 2.484491 -0.086440
v -0.515716 2.297613 0.265404
v -0.258465 2.348155 0.320945
v -0.562491 2.354752 0.029547
v -0.379350 2.426015 -0.158755
v -0.034097 2.465696 0.154750
vn 0.8204 -0.0685 0.5677
vn 0.8476 0.0736 0.5256
vn 0.9766 0.1486 0.1557
vn 0.9805 -0.0434 0.1916
vn 0.0604 0.1719 -0.9833
vn -0.2694 0.5194 -0.8109
vn -0.6812 0.5474 -0.4861
vn -0.5867 0.4568 -0.6687
vn -0.8004 0.5699 -0.1861
vn -0.8118 0.5341 -0.2359
vn -0.8584 0.4930 -0.1419
vn -0.8525 0.5196 -0.0569
vn -0.1710 0.1132 0.9787
vn -0.3577 0.4030 0.8424
vn 0.2473 0.2130 0.9452
vn 0.3335 -0.0051 0.9427
vn 0.1133 -0.9354 -0.3350
vn 0.0506 -0.9622 -0.2677
vn -0.0446 -0.9716 -0.2323
vn 0.0099 -0.9684 -0.2493
vn -0.2360 0.8911 -0.3876
vn 0.6236 0.7732 -0.1153
vn 0.3811 0.7715 0.5095
vn -0.4576 0.8539 0.2478
vn -0.7732 0.5606 -0.2964
vn -0.6350 0.6845 -0.3582
vn -0.7360 0.6770 0.0048
vn -0.8181 0.5587 -0.1363
vn 0.3828 -0.8842 -0.2679
vn 0.2123 -0.9089 -0.3589
vn 0.1685 -0.9652 -0.1999
vn 0.4065 -0.9120 -0.0548
vn -0.8124 0.4034 0.4210
vn -0.8421 0.4975 0.2080
vn -0.6289 0.4835 0.6089
vn -0.3920 0.2055 0.8967
vn 0.7356 0.0141 -0.6773
vn 0.7226 0.2986 -0.6235
vn 0.1862 0.4278 -0.8845
vn 0.3352 0.0810 -0.9386
vn 0.5520 -0.6103 -0.5681
vn 0.7128 -0.1552 -0.6840
vn 0.3648 -0.0903 -0.9267
vn 0.3313 -0.7038 -0.6284
vn -0.5062 -0.8137 0.2857
vn -0.7225 0.3928 0.5690
vn -0.2933 0.0219 0.9558
vn -0.1047 -0.9633 0.2471
vn 0.1133 -0.8418 0.5278
vn -0.1177 -0.0022 0.9931
vn 0.3191 -0.0310 0.9472
vn 0.4258 -0.5476 0.7203
vn -0.8736 0.3672 -0.3193
vn -0.7084 0.6913 -0.1421
vn -0.7208 0.6909 0.0552
vn -0.9120 0.4097 -0.0202
vn 0.2336 -0.7621 -0.6038
vn 0.1502 -0.0144 -0.9885
vn -0.5018 0.4125 -0.7603
vn -0.0414 -0.7006 -0.7123
vn 0.8119 -0.4204 0.4051
vn 0.8136 -0.0952 0.5736
vn 0.9713 -0.1592 0.1767
vn 0.8785 -0.4701 0.0851
vt 0.500000 0.000000
vt 0.562500 0.000000
vt 0.562500 0.122830
vt 0.500000 0.122396
vt 0.625000 0.000000
vt 0.625000 0.125000
vt 0.625000 0.250000
vt 0.562500 0.230903
vt 0.500000 0.229167
vt 0.500000 0.375000
vt 0.562500 0.375000
vt 0.562500 0.439670
vt 0.500000 0.440104
vt 0.625000 0.375000
vt 0.625000 0.437500
vt 0.625000 0.500000
vt 0.562500 0.519097
vt 0.500000 0.520833
vt 0.562500 0.625000
vt 0.500000 0.625000
vt 0.625000 0.625000
vt 0.625000 0.750000
vt 0.562500 0.730903
vt 0.500000 0.729167
vt 0.500000 0.875000
vt 0.562500 0.875000
vt 0.562500 0.937500
vt 0.500000 0.937500
vt 0.625000 0.875000
vt 0.625000 0.937500
vt 0.625000 1.000000
vt 0.562500 1.000000
vt 0.500000 1.000000
vt 0.250000 0.500000
vt 0.312500 0.500000
vt 0.312500 0.625000
vt 0.250000 0.625000
vt 0.375000 0.500000
vt 0.375000 0.625000
vt 0.375000 0.750000
vt 0.312500 0.750000
vt 0.250000 0.750000
vt 0.750000 0.500000
vt 0.812500 0.500000
vt 0.812500 0.625000
vt 0.750000 0.625000
vt 0.875000 0.500000
vt 0.875000 0.625000
vt 0.875000 0.750000
vt 0.812500 0.750000
vt 0.750000 0.750000
vt 0.687500 0.500000
vt 0.687500 0.625000
vt 0.687500 0.750000
vt 0.125000 0.500000
vt 0.187500 0.500000
vt 0.187500 0.625000
vt 0.125000 0.625000
vt 0.187500 0.750000
vt 0.125000 0.750000
vt 0.562500 0.810330
vt 0.500000 0.809896
vt 0.625000 0.812500
vt 0.562500 0.310330
vt 0.500000 0.309896
vt 0.625000 0.312500
vt 0.375000 0.250000
vt 0.437500 0.230903
vt 0.437500 0.310330
vt 0.375000 0.312500
vt 0.437500 0.375000
vt 0.375000 0.375000
vt 0.437500 0.730903
vt 0.437500 0.810330
vt 0.375000 0.812500
vt 0.437500 0.875000
vt 0.375000 0.875000
vt 0.437500 0.937500
vt 0.375000 0.937500
vt 0.437500 1.000000
vt 0.375000 1.000000
vt 0.437500 0.519097
vt 0.437500 0.625000
vt 0.437500 0.439670
vt 0.375000 0.437500
vt 0.375000 0.000000
vt 0.437500 0.000000
vt 0.437500 0.122830
vt 0.375000 0.125000
s 0
g Cube.022_Material.010
usemtl Material.010
f 1348/1723/1191 1385/1726/1191 1386/1725/1191 1355/1724/1191
f 1355/1724/1192 1386/1725/1192 1356/1728/1192 1337/1727/1192
f 1386/1725/1193 1375/1730/1193 1339/1729/1193 1356/1728/1193
f 1385/1726/1194 1349/1731/1194 1375/1730/1194 1386/1725/1194
f 1353/1732/1195 1384/1735/1195 1387/1734/1195 1379/1733/1195
f 1379/1733/1196 1387/1734/1196 1359/1737/1196 1345/1736/1196
f 1387/1734/1197 1376/1739/1197 1343/1738/1197 1359/1737/1197
f 1384/1735/1198 1350/1740/1198 1376/1739/1198 1387/1734/1198
f 1350/1740/1199 1383/1742/1199 1388/1741/1199 1376/1739/1199
f 1376/1739/1200 1388/1741/1200 1362/1743/1200 1343/1738/1200
f 1388/1741/1201 1377/1745/1201 1341/1744/1201 1362/1743/1201
f 1383/1742/1202 1351/1746/1202 1377/1745/1202 1388/1741/1202
f 1352/1747/1203 1382/1750/1203 1389/1749/1203 1378/1748/1203
f 1378/1748/1204 1389/1749/1204 1365/1752/1204 1347/1751/1204
f 1389/1749/1205 1355/1754/1205 1337/1753/1205 1365/1752/1205
f 1382/1750/1206 1348/1755/1206 1355/1754/1206 1389/1749/1206
f 1344/1756/1207 1371/1759/1207 1390/1758/1207 1366/1757/1207
f 1366/1757/1208 1390/1758/1208 1361/1761/1208 1342/1760/1208
f 1390/1758/1209 1364/1763/1209 1340/1762/1209 1361/1761/1209
f 1371/1759/1210 1346/1764/1210 1364/1763/1210 1390/1758/1210
f 1345/1765/1211 1370/1768/1211 1391/1767/1211 1367/1766/1211
f 1367/1766/1212 1391/1767/1212 1356/1770/1212 1339/1769/1212
f 1391/1767/1213 1365/1772/1213 1337/1771/1213 1356/1770/1213
f 1370/1768/1214 1347/1773/1214 1365/1772/1214 1391/1767/1214
f 1343/1738/1215 1362/1743/1215 1392/1775/1215 1359/1774/1215
f 1359/1774/1216 1392/1775/1216 1370/1768/1216 1345/1765/1216
f 1392/1775/1217 1369/1776/1217 1347/1773/1217 1370/1768/1217
f 1362/1743/1218 1341/1744/1218 1369/1776/1218 1392/1775/1218
f 1338/1777/1219 1354/1780/1219 1393/1779/1219 1358/1778/1219
f 1358/1778/1220 1393/1779/1220 1371/1759/1220 1344/1756/1220
f 1393/1779/1221 1368/1781/1221 1346/1764/1221 1371/1759/1221
f 1354/1780/1222 1336/1782/1222 1368/1781/1222 1393/1779/1222
f 1351/1746/1223 1381/1784/1223 1394/1783/1223 1377/1745/1223
f 1377/1745/1224 1394/1783/1224 1369/1785/1224 1341/1744/1224
f 1394/1783/1225 1378/1748/1225 1347/1751/1225 1369/1785/1225
f 1381/1784/1226 1352/1747/1226 1378/1748/1226 1394/1783/1226
f 1349/1731/1227 1380/1787/1227 1395/1786/1227 1375/1730/1227
f 1375/1730/1228 1395/1786/1228 1367/1788/1228 1339/1729/1228
f 1395/1786/1229 1379/1733/1229 1345/1736/1229 1367/1788/1229
f 1380/1787/1230 1353/1732/1230 1379/1733/1230 1395/1786/1230
f 1338/1789/1231 1358/1792/1231 1396/1791/1231 1357/1790/1231
f 1357/1790/1232 1396/1791/1232 1380/1787/1232 1349/1731/1232
f 1396/1791/1233 1373/1793/1233 1353/1732/1233 1380/1787/1233
f 1358/1792/1234 1344/1794/1234 1373/1793/1234 1396/1791/1234
f 1340/1762/1235 1364/1797/1235 1397/1796/1235 1363/1795/1235
f 1363/1795/1236 1397/1796/1236 1381/1784/1236 1351/1746/1236
f 1397/1796/1237 1372/1798/1237 1352/1747/1237 1381/1784/1237
f 1364/1797/1238 1346/1799/1238 1372/1798/1238 1397/1796/1238
f 1346/1799/1239 1368/1801/1239 1398/1800/1239 1372/1798/1239
f 1372/1798/1240 1398/1800/1240 1382/1750/1240 1352/1747/1240
f 1398/1800/1241 1374/1802/1241 1348/1755/1241 1382/1750/1241
f 1368/1801/1242 1336/1803/1242 1374/1802/1242 1398/1800/1242
f 1342/1760/1243 1361/1761/1243 1399/1805/1243 1360/1804/1243
f 1360/1804/1244 1399/1805/1244 1383/1742/1244 1350/1740/1244
f 1399/1805/1245 1363/1795/1245 1351/1746/1245 1383/1742/1245
f 1361/1761/1246 1340/1762/1246 1363/1795/1246 1399/1805/1246
f 1344/1794/1247 1366/1807/1247 1400/1806/1247 1373/1793/1247
f 1373/1793/1248 1400/1806/1248 1384/1735/1248 1353/1732/1248
f 1400/1806/1249 1360/1804/1249 1350/1740/1249 1384/1735/1249
f 1366/1807/1250 1342/1760/1250 1360/1804/1250 1400/1806/1250
f 1336/1808/1251 1354/1811/1251 1401/1810/1251 1374/1809/1251
f 1374/1809/1252 1401/1810/1252 1385/1726/1252 1348/1723/1252
f 1401/1810/1253 1357/1790/1253 1349/1731/1253 1385/1726/1253
f 1354/1811/1254 1338/1789/1254 1357/1790/1254 1401/1810/1254
o Cube.023
v 0.184865 2.658073 0.103383
v 0.099108 3.124196 0.149757
v 0.279936 2.683487 -0.427567
v 0.158516 3.211126 -0.189301
v -0.658649 2.362336 0.230831
v -0.527996 2.697148 0.037974
v -0.584336 2.345836 -0.276684
v -0.437083 2.721088 -0.452404
v -0.099973 2.484228 -0.269140
v -0.164217 3.078457 -0.352564
v -0.236529 2.490305 0.312266
v -0.255142 2.970843 0.162520
v 0.200999 2.886139 0.195525
v 0.297283 2.907370 -0.295403
v -0.509852 2.484991 -0.726316
v -0.663086 2.475477 0.100688
v -0.252849 2.682808 0.343890
v -0.095303 2.696460 -0.514900
v 0.266511 2.672849 -0.192663
v 0.158867 3.029083 0.196306
v 0.148347 3.201485 -0.015519
v 0.321853 2.768258 -0.431439
v 0.146974 2.594845 -0.402155
v -0.331318 2.877797 -0.425514
v -0.557773 2.392029 -0.538906
v -0.646066 2.337614 0.000200
v -0.491773 2.702281 -0.198302
v -0.685320 2.395379 0.194704
v -0.510982 2.412793 0.320667
v -0.056781 3.078010 0.180237
v -0.397344 2.398567 -0.252712
v 0.022453 3.200826 -0.275723
v 0.011593 2.574852 0.239278
v -0.434132 2.819292 0.127366
v -0.214340 3.081968 -0.091507
v -0.172464 2.462603 0.043139
v -0.258642 2.565769 0.385780
v -0.075233 2.554580 -0.452692
v 0.203011 2.746230 0.177354
v 0.237687 3.098739 -0.226809
v -0.465997 2.607418 -0.643829
v -0.600429 2.591629 0.068925
v -0.258398 2.825902 0.289062
v -0.117592 2.913257 -0.490602
v 0.124362 2.815534 -0.407186
v -0.517037 2.567810 0.309730
v -0.009738 2.792796 0.320157
v -0.622059 2.455332 -0.356325
v -0.318849 2.581193 -0.709136
v 0.313655 2.929631 -0.054661
v 0.255301 3.092670 -0.007843
v -0.309842 2.747392 -0.647933
v -0.560513 2.564504 -0.317275
v -0.036174 2.937419 0.285152
v -0.464259 2.383473 0.082828
v -0.024041 3.196259 -0.049960
v -0.383299 2.889239 -0.128222
v 0.084492 2.560689 -0.091376
v -0.482748 2.696440 0.250545
v 0.081236 3.038026 -0.365614
v 0.160560 2.670413 -0.474438
v -0.530770 2.471272 0.368064
v -0.010688 2.660190 0.346912
v -0.662959 2.375521 -0.199941
v -0.342175 2.463564 -0.551362
v 0.329764 2.788577 -0.153759
vn 0.8670 0.2148 0.4496
vn 0.6119 0.6281 0.4808
vn 0.7659 0.6429 0.0112
vn 0.9375 0.3384 -0.0812
vn 0.5502 0.2001 -0.8107
vn -0.3110 0.7052 -0.6371
vn -0.6852 0.6327 -0.3608
vn -0.2873 0.4685 -0.8354
vn -0.8478 0.4910 -0.2004
vn -0.8376 0.5224 -0.1597
vn -0.8389 0.5307 -0.1214
vn -0.8689 0.4825 -0.1105
vn -0.0808 0.2889 0.9540
vn -0.3275 0.5829 0.7436
vn 0.0641 0.5549 0.8295
vn 0.3838 0.1988 0.9018
vn 0.2697 -0.9629 0.0034
vn 0.2538 -0.9671 0.0165
vn 0.2105 -0.9678 0.1383
vn 0.2760 -0.9466 0.1668
vn -0.5067 0.8565 -0.0987
vn -0.0607 0.9978 0.0269
vn -0.1457 0.8985 0.4141
vn -0.5062 0.8066 0.3052
vn -0.8192 0.5533 -0.1511
vn -0.7303 0.6661 -0.1514
vn -0.7107 0.6935 0.1186
vn -0.8211 0.5678 -0.0587
vn 0.5392 -0.8421 0.0059
vn 0.3827 -0.9239 0.0002
vn 0.3909 -0.9077 0.1526
vn 0.5445 -0.8281 0.1335
vn -0.8285 0.4513 0.3315
vn -0.8159 0.5509 0.1755
vn -0.5398 0.6277 0.5610
vn -0.3254 0.3949 0.8592
vn 0.4679 0.3339 -0.8183
vn 0.4235 0.5467 -0.7224
vn 0.0526 0.5812 -0.8121
vn 0.3886 0.1930 -0.9010
vn 0.3635 -0.4994 -0.7865
vn 0.0412 0.5871 -0.8085
vn 0.1609 0.0489 -0.9858
vn 0.2572 -0.8555 -0.4494
vn -0.5224 -0.3603 0.7728
vn -0.7754 0.4955 0.3915
vn -0.2518 0.4299 0.8671
vn 0.1842 -0.6262 0.7576
vn 0.3817 -0.6428 0.6642
vn 0.0127 0.2648 0.9642
vn 0.5614 0.0282 0.8271
vn 0.6543 -0.5393 0.5301
vn -0.4862 -0.8579 -0.1662
vn -0.9489 -0.1047 -0.2978
vn -0.9646 0.2500 -0.0835
vn -0.8397 -0.5430 -0.0082
vn 0.3196 -0.9247 -0.2066
vn 0.5880 -0.5273 -0.6133
vn 0.3477 -0.8306 -0.4350
vn 0.2956 -0.9444 -0.1441
vn 0.8489 -0.4713 0.2392
vn 0.9254 -0.0936 0.3673
vn 0.9790 0.1940 -0.0618
vn 0.8841 -0.4669 0.0183
vt 0.500000 0.000000
vt 0.562500 0.000000
vt 0.562500 0.122830
vt 0.500000 0.122396
vt 0.625000 0.000000
vt 0.625000 0.125000
vt 0.625000 0.250000
vt 0.562500 0.230903
vt 0.500000 0.229167
vt 0.500000 0.375000
vt 0.562500 0.375000
vt 0.562500 0.439670
vt 0.500000 0.440104
vt 0.625000 0.375000
vt 0.625000 0.437500
vt 0.625000 0.500000
vt 0.562500 0.519097
vt 0.500000 0.520833
vt 0.562500 0.625000
vt 0.500000 0.625000
vt 0.625000 0.625000
vt 0.625000 0.750000
vt 0.562500 0.730903
vt 0.500000 0.729167
vt 0.500000 0.875000
vt 0.562500 0.875000
vt 0.562500 0.937500
vt 0.500000 0.937500
vt 0.625000 0.875000
vt 0.625000 0.937500
vt 0.625000 1.000000
vt 0.562500 1.000000
vt 0.500000 1.000000
vt 0.250000 0.500000
vt 0.312500 0.500000
vt 0.312500 0.625000
vt 0.250000 0.625000
vt 0.375000 0.500000
vt 0.375000 0.625000
vt 0.375000 0.750000
vt 0.312500 0.750000
vt 0.250000 0.750000
vt 0.750000 0.500000
vt 0.812500 0.500000
vt 0.812500 0.625000
vt 0.750000 0.625000
vt 0.875000 0.500000
vt 0.875000 0.625000
vt 0.875000 0.750000
vt 0.812500 0.750000
vt 0.750000 0.750000
vt 0.687500 0.500000
vt 0.687500 0.625000
vt 0.687500 0.750000
vt 0.125000 0.500000
vt 0.187500 0.500000
vt 0.187500 0.625000
vt 0.125000 0.625000
vt 0.187500 0.750000
vt 0.125000 0.750000
vt 0.562500 0.810330
vt 0.500000 0.809896
vt 0.625000 0.812500
vt 0.562500 0.310330
vt 0.500000 0.309896
vt 0.625000 0.312500
vt 0.375000 0.250000
vt 0.437500 0.230903
vt 0.437500 0.310330
vt 0.375000 0.312500
vt 0.437500 0.375000
vt 0.375000 0.375000
vt 0.437500 0.730903
vt 0.437500 0.810330
vt 0.375000 0.812500
vt 0.437500 0.875000
vt 0.375000 0.875000
vt 0.437500 0.937500
vt 0.375000 0.937500
vt 0.437500 1.000000
vt 0.375000 1.000000
vt 0.437500 0.519097
vt 0.437500 0.625000
vt 0.437500 0.439670
vt 0.375000 0.437500
vt 0.375000 0.000000
vt 0.437500 0.000000
vt 0.437500 0.122830
vt 0.375000 0.125000
s 0
g Cube.023_Material.007
usemtl Material.007
f 1414/1812/1255 1451/1815/1255 1452/1814/1255 1421/1813/1255
f 1421/1813/1256 1452/1814/1256 1422/1817/1256 1403/1816/1256
f 1452/1814/1257 1441/1819/1257 1405/1818/1257 1422/1817/1257
f 1451/1815/1258 1415/1820/1258 1441/1819/1258 1452/1814/1258
f 1419/1821/1259 1450/1824/1259 1453/1823/1259 1445/1822/1259
f 1445/1822/1260 1453/1823/1260 1425/1826/1260 1411/1825/1260
f 1453/1823/1261 1442/1828/1261 1409/1827/1261 1425/1826/1261
f 1450/1824/1262 1416/1829/1262 1442/1828/1262 1453/1823/1262
f 1416/1829/1263 1449/1831/1263 1454/1830/1263 1442/1828/1263
f 1442/1828/1264 1454/1830/1264 1428/1832/1264 1409/1827/1264
f 1454/1830/1265 1443/1834/1265 1407/1833/1265 1428/1832/1265
f 1449/1831/1266 1417/1835/1266 1443/1834/1266 1454/1830/1266
f 1418/1836/1267 1448/1839/1267 1455/1838/1267 1444/1837/1267
f 1444/1837/1268 1455/1838/1268 1431/1841/1268 1413/1840/1268
f 1455/1838/1269 1421/1843/1269 1403/1842/1269 1431/1841/1269
f 1448/1839/1270 1414/1844/1270 1421/1843/1270 1455/1838/1270
f 1410/1845/1271 1437/1848/1271 1456/1847/1271 1432/1846/1271
f 1432/1846/1272 1456/1847/1272 1427/1850/1272 1408/1849/1272
f 1456/1847/1273 1430/1852/1273 1406/1851/1273 1427/1850/1273
f 1437/1848/1274 1412/1853/1274 1430/1852/1274 1456/1847/1274
f 1411/1854/1275 1436/1857/1275 1457/1856/1275 1433/1855/1275
f 1433/1855/1276 1457/1856/1276 1422/1859/1276 1405/1858/1276
f 1457/1856/1277 1431/1861/1277 1403/1860/1277 1422/1859/1277
f 1436/1857/1278 1413/1862/1278 1431/1861/1278 1457/1856/1278
f 1409/1827/1279 1428/1832/1279 1458/1864/1279 1425/1863/1279
f 1425/1863/1280 1458/1864/1280 1436/1857/1280 1411/1854/1280
f 1458/1864/1281 1435/1865/1281 1413/1862/1281 1436/1857/1281
f 1428/1832/1282 1407/1833/1282 1435/1865/1282 1458/1864/1282
f 1404/1866/1283 1420/1869/1283 1459/1868/1283 1424/1867/1283
f 1424/1867/1284 1459/1868/1284 1437/1848/1284 1410/1845/1284
f 1459/1868/1285 1434/1870/1285 1412/1853/1285 1437/1848/1285
f 1420/1869/1286 1402/1871/1286 1434/1870/1286 1459/1868/1286
f 1417/1835/1287 1447/1873/1287 1460/1872/1287 1443/1834/1287
f 1443/1834/1288 1460/1872/1288 1435/1874/1288 1407/1833/1288
f 1460/1872/1289 1444/1837/1289 1413/1840/1289 1435/1874/1289
f 1447/1873/1290 1418/1836/1290 1444/1837/1290 1460/1872/1290
f 1415/1820/1291 1446/1876/1291 1461/1875/1291 1441/1819/1291
f 1441/1819/1292 1461/1875/1292 1433/1877/1292 1405/1818/1292
f 1461/1875/1293 1445/1822/1293 1411/1825/1293 1433/1877/1293
f 1446/1876/1294 1419/1821/1294 1445/1822/1294 1461/1875/1294
f 1404/1878/1295 1424/1881/1295 1462/1880/1295 1423/1879/1295
f 1423/1879/1296 1462/1880/1296 1446/1876/1296 1415/1820/1296
f 1462/1880/1297 1439/1882/1297 1419/1821/1297 1446/1876/1297
f 1424/1881/1298 1410/1883/1298 1439/1882/1298 1462/1880/1298
f 1406/1851/1299 1430/1886/1299 1463/1885/1299 1429/1884/1299
f 1429/1884/1300 1463/1885/1300 1447/1873/1300 1417/1835/1300
f 1463/1885/1301 1438/1887/1301 1418/1836/1301 1447/1873/1301
f 1430/1886/1302 1412/1888/1302 1438/1887/1302 1463/1885/1302
f 1412/1888/1303 1434/1890/1303 1464/1889/1303 1438/1887/1303
f 1438/1887/1304 1464/1889/1304 1448/1839/1304 1418/1836/1304
f 1464/1889/1305 1440/1891/1305 1414/1844/1305 1448/1839/1305
f 1434/1890/1306 1402/1892/1306 1440/1891/1306 1464/1889/1306
f 1408/1849/1307 1427/1850/1307 1465/1894/1307 1426/1893/1307
f 1426/1893/1308 1465/1894/1308 1449/1831/1308 1416/1829/1308
f 1465/1894/1309 1429/1884/1309 1417/1835/1309 1449/1831/1309
f 1427/1850/1310 1406/1851/1310 1429/1884/1310 1465/1894/1310
f 1410/1883/1311 1432/1896/1311 1466/1895/1311 1439/1882/1311
f 1439/1882/1312 1466/1895/1312 1450/1824/1312 1419/1821/1312
f 1466/1895/1313 1426/1893/1313 1416/1829/1313 1450/1824/1313
f 1432/1896/1314 1408/1849/1314 1426/1893/1314 1466/1895/1314
f 1402/1897/1315 1420/1900/1315 1467/1899/1315 1440/1898/1315
f 1440/1898/1316 1467/1899/1316 1451/1815/1316 1414/1812/1316
f 1467/1899/1317 1423/1879/1317 1415/1820/1317 1451/1815/1317
f 1420/1900/1318 1404/1878/1318 1423/1879/1318 1467/1899/1318
o Cube.007
v -0.245623 2.303823 0.250490
v -0.266556 3.027714 0.092748
v -0.197396 2.269532 -0.193835
v -0.185178 3.004652 -0.460819
v 0.302691 2.283396 0.433437
v 0.461650 3.037054 0.354025
v 0.516825 2.332225 0.092266
v 0.708935 3.097113 -0.096389
v -0.281592 2.205856 0.029647
v -0.325186 2.673495 0.206886
v -0.323828 3.089113 -0.245330
v -0.280234 2.621474 -0.422569
v 0.161308 2.218961 -0.063629
v 0.292664 3.135623 -0.363794
v 0.734206 2.733111 -0.004854
v 0.451086 2.225510 0.299487
v 0.702008 3.157277 0.152159
v 0.418888 2.649676 0.456499
v 0.008186 2.212404 0.392762
v 0.085517 3.110766 0.270623
v -0.468545 2.639203 -0.170773
v 0.260961 2.680254 -0.316579
v 0.742382 2.699675 0.288754
v 0.012876 2.658623 0.434560
v 0.065067 2.044519 0.204391
v 0.208770 3.294358 -0.086410
vn -0.9233 -0.2084 0.3227
vn -0.9171 0.2949 0.2682
vn -0.7946 0.1490 -0.5886
vn -0.7272 -0.5043 -0.4657
vn 0.2241 -0.5001 -0.8365
vn 0.2172 -0.1314 -0.9672
vn 0.5415 -0.1445 -0.8282
vn 0.5024 -0.4774 -0.7208
vn 0.8615 -0.5060 -0.0426
vn 0.9969 0.0779 -0.0061
vn 0.4814 0.2374 0.8437
vn 0.5167 -0.2625 0.8150
vn -0.0829 -0.0670 0.9943
vn -0.0942 0.3129 0.9451
vn -0.4996 0.3540 0.7906
vn -0.5355 -0.0473 0.8432
vn -0.0697 -0.8875 -0.4555
vn 0.4439 -0.8293 -0.3393
vn 0.1554 -0.7599 0.6312
vn -0.5358 -0.7203 0.4406
vn 0.3435 0.8866 -0.3097
vn -0.1594 0.8549 -0.4938
vn -0.3904 0.8793 0.2728
vn 0.0289 0.8702 0.4918
vt 0.375000 0.000000
vt 0.500000 0.000000
vt 0.500000 0.125000
vt 0.375000 0.125000
vt 0.625000 0.000000
vt 0.625000 0.125000
vt 0.625000 0.250000
vt 0.500000 0.250000
vt 0.375000 0.250000
vt 0.500000 0.375000
vt 0.375000 0.375000
vt 0.625000 0.375000
vt 0.625000 0.500000
vt 0.500000 0.500000
vt 0.375000 0.500000
vt 0.500000 0.625000
vt 0.375000 0.625000
vt 0.625000 0.625000
vt 0.625000 0.750000
vt 0.500000 0.750000
vt 0.375000 0.750000
vt 0.500000 0.875000
vt 0.375000 0.875000
vt 0.625000 0.875000
vt 0.625000 1.000000
vt 0.500000 1.000000
vt 0.375000 1.000000
vt 0.125000 0.500000
vt 0.250000 0.500000
vt 0.250000 0.625000
vt 0.125000 0.625000
vt 0.250000 0.750000
vt 0.125000 0.750000
vt 0.750000 0.500000
vt 0.750000 0.625000
vt 0.875000 0.500000
vt 0.875000 0.625000
vt 0.875000 0.750000
vt 0.750000 0.750000
s 0
g Cube.007_Material.009
usemtl Material.009
f 1468/1901/1319 1477/1902/1319 1488/1903/1319 1476/1904/1319
f 1477/1902/1320 1469/1905/1320 1478/1906/1320 1488/1903/1320
f 1488/1903/1321 1478/1906/1321 1471/1907/1321 1479/1908/1321
f 1476/1904/1322 1488/1903/1322 1479/1908/1322 1470/1909/1322
f 1470/1909/1323 1479/1908/1323 1489/1910/1323 1480/1911/1323
f 1479/1908/1324 1471/1907/1324 1481/1912/1324 1489/1910/1324
f 1489/1910/1325 1481/1912/1325 1475/1913/1325 1482/1914/1325
f 1480/1911/1326 1489/1910/1326 1482/1914/1326 1474/1915/1326
f 1474/1915/1327 1482/1914/1327 1490/1916/1327 1483/1917/1327
f 1482/1914/1328 1475/1913/1328 1484/1918/1328 1490/1916/1328
f 1490/1916/1329 1484/1918/1329 1473/1919/1329 1485/1920/1329
f 1483/1917/1330 1490/1916/1330 1485/1920/1330 1472/1921/1330
f 1472/1921/1331 1485/1920/1331 1491/1922/1331 1486/1923/1331
f 1485/1920/1332 1473/1919/1332 1487/1924/1332 1491/1922/1332
f 1491/1922/1333 1487/1924/1333 1469/1925/1333 1477/1926/1333
f 1486/1923/1334 1491/1922/1334 1477/1926/1334 1468/1927/1334
f 1470/1928/1335 1480/1929/1335 1492/1930/1335 1476/1931/1335
f 1480/1929/1336 1474/1915/1336 1483/1917/1336 1492/1930/1336
f 1492/1930/1337 1483/1917/1337 1472/1921/1337 1486/1932/1337
f 1476/1931/1338 1492/1930/1338 1486/1932/1338 1468/1933/1338
f 1475/1913/1339 1481/1934/1339 1493/1935/1339 1484/1918/1339
f 1481/1934/1340 1471/1936/1340 1478/1937/1340 1493/1935/1340
f 1493/1935/1341 1478/1937/1341 1469/1938/1341 1487/1939/1341
f 1484/1918/1342 1493/1935/1342 1487/1939/1342 1473/1919/1342
o Cube.024
v 0.338559 2.506000 -0.318262
v 0.352730 2.705416 -0.315814
v 0.405044 2.503179 -0.506353
v 0.418000 2.702732 -0.504580
v 0.529381 2.493918 -0.253216
v 0.542320 2.693394 -0.251033
v 0.594728 2.491149 -0.441532
v 0.607481 2.690688 -0.439674
v 0.349567 2.484022 -0.419491
v 0.317927 2.607287 -0.303289
v 0.365928 2.727255 -0.417095
v 0.397868 2.603978 -0.533244
v 0.505613 2.475019 -0.494891
v 0.521147 2.718305 -0.492740
v 0.628847 2.589322 -0.454256
v 0.581322 2.469359 -0.340506
v 0.596863 2.712604 -0.338134
v 0.549487 2.592635 -0.224357
v 0.425706 2.478403 -0.265344
v 0.441826 2.721575 -0.262606
v 0.314292 2.608371 -0.433021
v 0.528177 2.596064 -0.537313
v 0.632489 2.588236 -0.324514
v 0.419025 2.600584 -0.220467
v 0.462695 2.430818 -0.380482
v 0.484198 2.765843 -0.377353
vn -0.9706 -0.2404 -0.0092
vn -0.9290 0.3701 -0.0017
vn -0.7291 0.3597 -0.5823
vn -0.7674 -0.2506 -0.5902
vn -0.0159 -0.2972 -0.9547
vn 0.0213 0.3134 -0.9494
vn 0.5983 0.2751 -0.7526
vn 0.5607 -0.3354 -0.7570
vn 0.9307 -0.3658 0.0031
vn 0.9696 0.2448 0.0072
vn 0.7705 0.2513 0.5858
vn 0.7303 -0.3590 0.5812
vn -0.0232 -0.3153 0.9487
vn 0.0144 0.2954 0.9553
vn -0.5589 0.3361 0.7581
vn -0.5948 -0.2750 0.7554
vn -0.2431 -0.8849 -0.3974
vn 0.3310 -0.9230 -0.1962
vn 0.1323 -0.9139 0.3838
vn -0.4396 -0.8789 0.1851
vn 0.4421 0.8779 -0.1841
vn -0.1342 0.9138 -0.3835
vn -0.3318 0.9225 0.1970
vn 0.2439 0.8854 0.3956
vt 0.375000 0.000000
vt 0.500000 0.000000
vt 0.500000 0.125000
vt 0.375000 0.125000
vt 0.625000 0.000000
vt 0.625000 0.125000
vt 0.625000 0.250000
vt 0.500000 0.250000
vt 0.375000 0.250000
vt 0.500000 0.375000
vt 0.375000 0.375000
vt 0.625000 0.375000
vt 0.625000 0.500000
vt 0.500000 0.500000
vt 0.375000 0.500000
vt 0.500000 0.625000
vt 0.375000 0.625000
vt 0.625000 0.625000
vt 0.625000 0.750000
vt 0.500000 0.750000
vt 0.375000 0.750000
vt 0.500000 0.875000
vt 0.375000 0.875000
vt 0.625000 0.875000
vt 0.625000 1.000000
vt 0.500000 1.000000
vt 0.375000 1.000000
vt 0.125000 0.500000
vt 0.250000 0.500000
vt 0.250000 0.625000
vt 0.125000 0.625000
vt 0.250000 0.750000
vt 0.125000 0.750000
vt 0.750000 0.500000
vt 0.750000 0.625000
vt 0.875000 0.500000
vt 0.875000 0.625000
vt 0.875000 0.750000
vt 0.750000 0.750000
s 0
g Cube.024_Material.019
usemtl Material.019
f 1494/1940/1343 1503/1941/1343 1514/1942/1343 1502/1943/1343
f 1503/1941/1344 1495/1944/1344 1504/1945/1344 1514/1942/1344
f 1514/1942/1345 1504/1945/1345 1497/1946/1345 1505/1947/1345
f 1502/1943/1346 1514/1942/1346 1505/1947/1346 1496/1948/1346
f 1496/1948/1347 1505/1947/1347 1515/1949/1347 1506/1950/1347
f 1505/1947/1348 1497/1946/1348 1507/1951/1348 1515/1949/1348
f 1515/1949/1349 1507/1951/1349 1501/1952/1349 1508/1953/1349
f 1506/1950/1350 1515/1949/1350 1508/1953/1350 1500/1954/1350
f 1500/1954/1351 1508/1953/1351 1516/1955/1351 1509/1956/1351
f 1508/1953/1352 1501/1952/1352 1510/1957/1352 1516/1955/1352
f 1516/1955/1353 1510/1957/1353 1499/1958/1353 1511/1959/1353
f 1509/1956/1354 1516/1955/1354 1511/1959/1354 1498/1960/1354
f 1498/1960/1355 1511/1959/1355 1517/1961/1355 1512/1962/1355
f 1511/1959/1356 1499/1958/1356 1513/1963/1356 1517/1961/1356
f 1517/1961/1357 1513/1963/1357 1495/1964/1357 1503/1965/1357
f 1512/1962/1358 1517/1961/1358 1503/1965/1358 1494/1966/1358
f 1496/1967/1359 1506/1968/1359 1518/1969/1359 1502/1970/1359
f 1506/1968/1360 1500/1954/1360 1509/1956/1360 1518/1969/1360
f 1518/1969/1361 1509/1956/1361 1498/1960/1361 1512/1971/1361
f 1502/1970/1362 1518/1969/1362 1512/1971/1362 1494/1972/1362
f 1501/1952/1363 1507/1973/1363 1519/1974/1363 1510/1957/1363
f 1507/1973/1364 1497/1975/1364 1504/1976/1364 1519/1974/1364
f 1519/1974/1365 1504/1976/1365 1495/1977/1365 1513/1978/1365
f 1510/1957/1366 1519/1974/1366 1513/1978/1366 1499/1958/1366
o Cube.025
v 0.001460 2.527484 -0.434392
v 0.013783 2.727099 -0.432919
v 0.066813 2.524844 -0.623395
v 0.079136 2.724458 -0.621922
v 0.190080 2.515358 -0.369003
v 0.202403 2.714972 -0.367530
v 0.255432 2.512717 -0.558006
v 0.267755 2.712332 -0.556533
v 0.012120 2.505621 -0.536219
v -0.020205 2.628909 -0.420111
v 0.027143 2.748979 -0.534424
v 0.059468 2.625690 -0.650532
v 0.166933 2.496620 -0.611570
v 0.181956 2.739977 -0.609775
v 0.289421 2.610906 -0.570813
v 0.242072 2.490837 -0.456501
v 0.257096 2.734195 -0.454706
v 0.209747 2.614125 -0.340393
v 0.087259 2.499839 -0.381150
v 0.102283 2.743196 -0.379355
v -0.023739 2.630089 -0.550357
v 0.189471 2.617691 -0.654132
v 0.292955 2.609728 -0.440568
v 0.079744 2.622124 -0.336793
v 0.124262 2.452330 -0.496699
v 0.144953 2.787486 -0.494226
vn -0.9690 -0.2468 -0.0078
vn -0.9313 0.3642 -0.0033
vn -0.7313 0.3561 -0.5817
vn -0.7690 -0.2548 -0.5862
vn -0.0129 -0.2988 -0.9542
vn 0.0248 0.3121 -0.9497
vn 0.6021 0.2750 -0.7496
vn 0.5644 -0.3359 -0.7541
vn 0.9313 -0.3642 0.0033
vn 0.9690 0.2468 0.0078
vn 0.7690 0.2548 0.5862
vn 0.7313 -0.3561 0.5817
vn -0.0248 -0.3121 0.9497
vn 0.0129 0.2988 0.9542
vn -0.5644 0.3359 0.7541
vn -0.6021 -0.2750 0.7496
vn -0.2442 -0.8852 -0.3959
vn 0.3331 -0.9223 -0.1958
vn 0.1331 -0.9143 0.3827
vn -0.4442 -0.8771 0.1825
vn 0.4442 0.8771 -0.1825
vn -0.1331 0.9143 -0.3827
vn -0.3331 0.9223 0.1958
vn 0.2442 0.8852 0.3959
vt 0.375000 0.000000
vt 0.500000 0.000000
vt 0.500000 0.125000
vt 0.375000 0.125000
vt 0.625000 0.000000
vt 0.625000 0.125000
vt 0.625000 0.250000
vt 0.500000 0.250000
vt 0.375000 0.250000
vt 0.500000 0.375000
vt 0.375000 0.375000
vt 0.625000 0.375000
vt 0.625000 0.500000
vt 0.500000 0.500000
vt 0.375000 0.500000
vt 0.500000 0.625000
vt 0.375000 0.625000
vt 0.625000 0.625000
vt 0.625000 0.750000
vt 0.500000 0.750000
vt 0.375000 0.750000
vt 0.500000 0.875000
vt 0.375000 0.875000
vt 0.625000 0.875000
vt 0.625000 1.000000
vt 0.500000 1.000000
vt 0.375000 1.000000
vt 0.125000 0.500000
vt 0.250000 0.500000
vt 0.250000 0.625000
vt 0.125000 0.625000
vt 0.250000 0.750000
vt 0.125000 0.750000
vt 0.750000 0.500000
vt 0.750000 0.625000
vt 0.875000 0.500000
vt 0.875000 0.625000
vt 0.875000 0.750000
vt 0.750000 0.750000
s 0
g Cube.025_Material.018
usemtl Material.018
f 1520/1979/1367 1529/1980/1367 1540/1981/1367 1528/1982/1367
f 1529/1980/1368 1521/1983/1368 1530/1984/1368 1540/1981/1368
f 1540/1981/1369 1530/1984/1369 1523/1985/1369 1531/1986/1369
f 1528/1982/1370 1540/1981/1370 1531/1986/1370 1522/1987/1370
f 1522/1987/1371 1531/1986/1371 1541/1988/1371 1532/1989/1371
f 1531/1986/1372 1523/1985/1372 1533/1990/1372 1541/1988/1372
f 1541/1988/1373 1533/1990/1373 1527/1991/1373 1534/1992/1373
f 1532/1989/1374 1541/1988/1374 1534/1992/1374 1526/1993/1374
f 1526/1993/1375 1534/1992/1375 1542/1994/1375 1535/1995/1375
f 1534/1992/1376 1527/1991/1376 1536/1996/1376 1542/1994/1376
f 1542/1994/1377 1536/1996/1377 1525/1997/1377 1537/1998/1377
f 1535/1995/1378 1542/1994/1378 1537/1998/1378 1524/1999/1378
f 1524/1999/1379 1537/1998/1379 1543/2000/1379 1538/2001/1379
f 1537/1998/1380 1525/1997/1380 1539/2002/1380 1543/2000/1380
f 1543/2000/1381 1539/2002/1381 1521/2003/1381 1529/2004/1381
f 1538/2001/1382 1543/2000/1382 1529/2004/1382 1520/2005/1382
f 1522/2006/1383 1532/2007/1383 1544/2008/1383 1528/2009/1383
f 1532/2007/1384 1526/1993/1384 1535/1995/1384 1544/2008/1384
f 1544/2008/1385 1535/1995/1385 1524/1999/1385 1538/2010/1385
f 1528/2009/1386 1544/2008/1386 1538/2010/1386 1520/2011/1386
f 1527/1991/1387 1533/2012/1387 1545/2013/1387 1536/1996/1387
f 1533/2012/1388 1523/2014/1388 1530/2015/1388 1545/2013/1388
f 1545/2013/1389 1530/2015/1389 1521/2016/1389 1539/2017/1389
f 1536/1996/1390 1545/2013/1390 1539/2017/1390 1525/1997/1390
